recipe_id,recipe_name,row_order,row_type,ing_name,ing_qty,sr28_long_desc,ndb_no,portion_desc,portion_grams,serving_count,notes,game_food,animal
SWEET_003,Pie Banana Cream,0,dish,,custom (g),"Pie, banana cream, prepared from recipe",18304,custom (g),100.0,1,,,
SWEET_003,Pie Banana Cream,1,ingredient,all-purpose enriched white flour,1 1/2 cups,"Wheat flour, white, all-purpose, enriched, bleached",20081,g,188.0,1,section=crust,,
SWEET_003,Pie Banana Cream,2,ingredient,salt,1/4 teaspoon,"Salt, table",2047,g,1.5,1,section=crust,,
SWEET_003,Pie Banana Cream,3,ingredient,unsalted butter,6 tablespoons,"Butter, without salt",1145,g,85.0,1,section=crust,,
SWEET_003,Pie Banana Cream,4,ingredient,ice water,3 tablespoon ice water,"Water, tap, drinking",14411,g,45.0,1,section=crust,,
SWEET_003,Pie Banana Cream,5,ingredient,whole milk,1 3/4 cups,"Milk, whole, 3.25% milkfat, with added vitamin D",1077,g,420.0,1,section=filling,,
SWEET_003,Pie Banana Cream,6,ingredient,sugar,1/3 cup,"Sugars, granulated",19335,g,68.0,1,section=filling,,
SWEET_003,Pie Banana Cream,7,ingredient,cornstarch,4 tablespoons,Cornstarch,20027,g,32.0,1,section=filling,,
SWEET_003,Pie Banana Cream,8,ingredient,salt,1/4 teaspoon,"Salt, table",2047,g,1.5,1,section=filling,,
SWEET_003,Pie Banana Cream,9,ingredient,egg yolks (lightly beaten),2 large yolks,"Egg, yolk, raw, fresh",1125,g,35.0,1,section=filling,,
SWEET_003,Pie Banana Cream,10,ingredient,butter (cut into pieces),1 tablespoon,"Butter, without salt",1145,g,14.0,1,section=filling,,
SWEET_003,Pie Banana Cream,11,ingredient,vanilla extract,1 teaspoon,Vanilla extract,2050,g,4.2,1,section=filling,,
SWEET_003,Pie Banana Cream,12,ingredient,bananas (sliced ~1/4 inch thick),1 3/4 medium (sliced),"Bananas, raw",9040,g,195.0,1,section=assembly,,
SWEET_003,Pie Banana Cream,13,ingredient,heavy cream,1/3 cup,"Cream, fluid, heavy whipping",1053,g,90.0,1,section=topping,,
SWEET_003,Pie Banana Cream,14,ingredient,powdered sugar,3/4 tablespoon,"Sugars, powdered",19336,g,6.0,1,section=topping,,
SWEET_003,Pie Banana Cream,15,ingredient,vanilla extract,1/2 teaspoon,Vanilla extract,2050,g,2.1,1,optional;section=topping,,
SWEET_001,Pie Apple,0,dish,,custom (g),"Pie, apple, prepared from recipe",18302,custom (g),100.0,1,,,
SWEET_001,Pie Apple,1,ingredient,all-purpose enriched white flour,1 3/4 cups + 2 tbsp,"Wheat flour, white, all-purpose, enriched, bleached",20081,g,234.4,1,section=crust,,
SWEET_001,Pie Apple,2,ingredient,salt,1 1/8 teaspoon,"Salt, table",2047,g,6.5,1,section=crust,,
SWEET_001,Pie Apple,3,ingredient,unsalted butter,5 1/4 tablespoon (0.6 stick),"Butter, without salt",1145,g,74,1,section=crust,,
SWEET_001,Pie Apple,4,ingredient,vegetable shortening,5 tablespoon (2.25 oz),"Shortening, household, soybean (partially hydrogenated)-cottonseed (partially hydrogenated)",4031,g,64,1,section=crust,,
SWEET_001,Pie Apple,5,ingredient,ice water,5 tablespoon ice water,"Water, tap, drinking",14411,g,74,1,section=crust,,
SWEET_001,Pie Apple,6,ingredient,Granny Smith apples (peeled and cored),6 medium apples (peeled and cored),"Apples, raw, granny smith, with skin",9502,g,750,1,section=filling,,
SWEET_001,Pie Apple,7,ingredient,sugar,2/3 cup,"Sugars, granulated",19335,g,130,1,section=filling,,
SWEET_001,Pie Apple,8,ingredient,lemon juice,1 tablespoon,"Lemon juice, raw",9152,g,15,1,section=filling,,
SWEET_001,Pie Apple,9,ingredient,unsalted butter (cut into pieces),2 tablespoon,"Butter, without salt",1145,g,28.4,1,section=filling,,
SWEET_001,Pie Apple,10,ingredient,cornstarch,3 tablespoon,Cornstarch,20027,g,24,1,section=filling,,
SWEET_001,Pie Apple,11,ingredient,ground cinnamon,1 teaspoon,"Spices, cinnamon, ground",2010,g,2.6,1,optional;section=filling,,
SWEET_001,Pie Apple,12,ingredient,ground cloves,1 teaspoon,"Spices, cloves, ground",2011,g,2.1,1,optional;section=filling,,
SWEET_001,Pie Apple,13,ingredient,allspice,1 teaspoon,"Spices, allspice, ground",2001,g,2,1,optional;section=filling,,
SWEET_001,Pie Apple,14,ingredient,ice water,1/4 cup,"Water, tap, drinking",14411,g,60,1,section=filling,,
SWEET_002,Apple Strudel,0,dish,,custom (g),"Strudel, apple",18354,custom (g),100.0,1,,,
SWEET_002,Apple Strudel,1,ingredient,puff pastry sheet,1 sheet,"Puff pastry, frozen, ready-to-bake, baked",18211,g,245,1,section=pastry,,
SWEET_002,Apple Strudel,2,ingredient,flour for dusting,2 tablespoons (for dusting),"Wheat flour, white, all-purpose, enriched, bleached",20081,g,16,1,section=pastry,,
SWEET_002,Apple Strudel,3,ingredient,Granny Smith apples (thinly sliced),5 cups thinly sliced,"Apples, raw, granny smith, with skin",9502,g,542,1,section=filling,,
SWEET_002,Apple Strudel,4,ingredient,sugar,3/4 cup + 2 tablespoons,"Sugars, granulated",19335,g,160,1,section=filling,,
SWEET_002,Apple Strudel,5,ingredient,brown sugar,1/4 cup,"Sugars, brown",19334,g,36,1,section=filling,,
SWEET_002,Apple Strudel,6,ingredient,raisins,1/2 cup,"Raisins, seedless",9298,g,80,1,section=filling,,
SWEET_002,Apple Strudel,7,ingredient,flour (for thickening),2 tablespoons (for thickening),"Wheat flour, white, all-purpose, enriched, bleached",20081,g,16,1,section=filling,,
SWEET_002,Apple Strudel,8,ingredient,water (evaporates during simmer),1/4 cup,"Water, tap, drinking",14411,g,59,1,section=filling,,
SWEET_002,Apple Strudel,9,ingredient,dry bread crumbs,1/2 cup,"Bread crumbs, dry, grated, plain",18079,g,55,1,section=filling,,
SWEET_002,Apple Strudel,10,ingredient,butter (for browning the bread crumbs),3 tablespoons,"Butter, without salt",1145,g,42,1,section=filling,,
SWEET_002,Apple Strudel,11,ingredient,lemon juice,1 tablespoon,"Lemon juice, raw",9152,g,15,1,section=filling,,
SWEET_002,Apple Strudel,12,ingredient,salt (pinch),1/4 teaspoon (heaping),"Salt, table",2047,g,1.3,1,section=filling,,
SWEET_002,Apple Strudel,13,ingredient,ground cinnamon,1 teaspoon,"Spices, cinnamon, ground",2010,g,3,1,optional;section=filling,,
SWEET_002,Apple Strudel,14,ingredient,large egg (beaten (for sealing and basting the pastry)),1 large egg,"Egg, whole, raw, fresh",1123,g,50,1,section=finish,,
SWEET_004,Pie Blueberry,0,dish,,custom (g),"Pie, blueberry, prepared from recipe",18306,custom (g),100.0,1,,,
SWEET_004,Pie Blueberry,1,ingredient,all-purpose enriched white flour,2 cups,"Wheat flour, white, all-purpose, enriched, bleached",20081,g,250,1,section=crust,,
SWEET_004,Pie Blueberry,2,ingredient,salt,3/4 teaspoon,"Salt, table",2047,g,4.5,1,section=crust,,
SWEET_004,Pie Blueberry,3,ingredient,unsalted butter (chilled),3/4 cup,"Butter, without salt",1145,g,170,1,section=crust,,
SWEET_004,Pie Blueberry,4,ingredient,ice water,5 tablespoon ice water,"Water, tap, drinking",14411,g,75,1,section=crust,,
SWEET_004,Pie Blueberry,5,ingredient,sugar,2 teaspoons,"Sugars, granulated",19335,g,8,1,section=crust,,
SWEET_004,Pie Blueberry,6,ingredient,blueberries (fresh),5 cups,"Blueberries, raw",9050,g,740,1,section=filling,,
SWEET_004,Pie Blueberry,7,ingredient,sugar,1/2 cup,"Sugars, granulated",19335,g,100,1,section=filling,,
SWEET_004,Pie Blueberry,8,ingredient,cornstarch,1/4 cup,Cornstarch,20027,g,32,1,section=filling,,
SWEET_004,Pie Blueberry,9,ingredient,lemon juice,1 tablespoon,"Lemon juice, raw",9152,g,15,1,section=filling,,
SWEET_004,Pie Blueberry,10,ingredient,ground cinnamon,1/2 teaspoon,"Spices, cinnamon, ground",2010,g,1.3,1,section=filling,,
SWEET_004,Pie Blueberry,11,ingredient,salt,1/4 teaspoon,"Salt, table",2047,g,1.5,1,section=filling,,
SWEET_004,Pie Blueberry,12,ingredient,unsalted butter (dotted on top of filling),1 tablespoon,"Butter, without salt",1145,g,14,1,section=filling,,
SWEET_004,Pie Blueberry,13,ingredient,large egg (beaten with 1 tsp water; brush onto lattice),1 large egg (for wash; ~half adheres),"Egg, whole, raw, fresh",1123,g,25,1,section=wash,,
SWEET_004,Pie Blueberry,14,ingredient,ice water,1 teaspoon (egg wash),"Water, tap, drinking",14411,g,5,1,section=wash,,
SWEET_005,Pie Cherry,0,dish,,custom (g),"Pie, cherry, prepared from recipe",18309,custom (g),100.0,1,,,
SWEET_005,Pie Cherry,1,ingredient,all-purpose enriched white flour,2 cups,"Wheat flour, white, all-purpose, enriched, bleached",20081,g,250,1,section=crust,,
SWEET_005,Pie Cherry,2,ingredient,salt,3/4 teaspoon,"Salt, table",2047,g,4.5,1,section=crust,,
SWEET_005,Pie Cherry,3,ingredient,unsalted butter (chilled),3/4 cup,"Butter, without salt",1145,g,170,1,section=crust,,
SWEET_005,Pie Cherry,4,ingredient,ice water,5 tablespoon ice water,"Water, tap, drinking",14411,g,75,1,section=crust,,
SWEET_005,Pie Cherry,5,ingredient,sugar,2 teaspoons,"Sugars, granulated",19335,g,8,1,section=crust,,
SWEET_005,Pie Cherry,6,ingredient,"fresh or thawed frozen tart cherries, pitted",4 cups (pitted),"Cherries, sour, red, raw",9063,g,620,1,section=filling,,
SWEET_005,Pie Cherry,7,ingredient,sugar,1 cup,"Sugars, granulated",19335,g,200,1,section=filling,,
SWEET_005,Pie Cherry,8,ingredient,cornstarch,1/4 cup,Cornstarch,20027,g,32,1,section=filling,,
SWEET_005,Pie Cherry,9,ingredient,lemon juice,1 tablespoon,"Lemon juice, raw",9152,g,15,1,section=filling,,
SWEET_005,Pie Cherry,10,ingredient,salt,1/4 teaspoon,"Salt, table",2047,g,1.5,1,section=filling,,
SWEET_005,Pie Cherry,11,ingredient,unsalted butter (dotted on top of filling),1 tablespoon,"Butter, without salt",1145,g,14,1,section=filling,,
SWEET_005,Pie Cherry,12,ingredient,large egg (beaten with 1 tsp water; brush onto lattice),1 large egg (for wash; ~half adheres),"Egg, whole, raw, fresh",1123,g,25,1,section=wash,,
SWEET_005,Pie Cherry,13,ingredient,ice water,1 teaspoon (egg wash),"Water, tap, drinking",14411,g,5,1,section=wash,,
SWEET_006,Pie Lemon Meringue,0,dish,,custom (g),"Pie, lemon meringue, prepared from recipe",18321,custom (g),100.0,1,,,
SWEET_006,Pie Lemon Meringue,1,ingredient,all-purpose enriched white flour,1 1/2 cups,"Wheat flour, white, all-purpose, enriched, bleached",20081,g,188,1,section=crust,,
SWEET_006,Pie Lemon Meringue,2,ingredient,salt,1/2 teaspoon,"Salt, table",2047,g,3,1,section=crust,,
SWEET_006,Pie Lemon Meringue,3,ingredient,unsalted butter (chilled),6 tablespoons,"Butter, without salt",1145,g,85,1,section=crust,,
SWEET_006,Pie Lemon Meringue,4,ingredient,ice water,3 tablespoon ice water,"Water, tap, drinking",14411,g,45,1,section=crust,,
SWEET_006,Pie Lemon Meringue,5,ingredient,sugar,1 cup,"Sugars, granulated",19335,g,200,1,section=filling,,
SWEET_006,Pie Lemon Meringue,6,ingredient,finely grated zest,1 tablespoon,"Lemon peel, raw",9156,g,6,1,section=filling,,
SWEET_006,Pie Lemon Meringue,7,ingredient,egg yolks (reserve whites),5 large yolks,"Egg, yolk, raw, fresh",1125,g,85,1,section=filling,,
SWEET_006,Pie Lemon Meringue,8,ingredient,salt,1/2 teaspoon,"Salt, table",2047,g,3,1,section=filling,,
SWEET_006,Pie Lemon Meringue,9,ingredient,unsalted butter (cut into 1/2-inch pieces),6 tablespoons,"Butter, without salt",1145,g,85,1,section=filling,,
SWEET_006,Pie Lemon Meringue,10,ingredient,lemon juice (fresh squeezed),2/3 cup,"Lemon juice, raw",9152,g,160,1,section=filling,,
SWEET_006,Pie Lemon Meringue,11,ingredient,ice water (whisked with cornstarch into slurry),1 cup,"Water, tap, drinking",14411,g,237,1,section=filling,,
SWEET_006,Pie Lemon Meringue,12,ingredient,cornstarch (slurry with water),1/4 cup,Cornstarch,20027,g,32,1,section=filling,,
SWEET_006,Pie Lemon Meringue,13,ingredient,egg whites (room temperature; pair with 5 yolks above),5 large whites,"Egg, white, raw, fresh",1124,g,165,1,section=topping,,
SWEET_006,Pie Lemon Meringue,14,ingredient,sugar,2/3 cup,"Sugars, granulated",19335,g,133,1,section=topping,,
SWEET_006,Pie Lemon Meringue,15,ingredient,salt,1/4 teaspoon,"Salt, table",2047,g,1.5,1,section=topping,,
SWEET_007,Pie Mince,0,dish,,custom (g),"Pie, mince, prepared from recipe",18322,custom (g),100.0,1,,,
SWEET_007,Pie Mince,1,ingredient,all-purpose enriched white flour,2 cups,"Wheat flour, white, all-purpose, enriched, bleached",20081,g,250,1,section=crust,,
SWEET_007,Pie Mince,2,ingredient,salt,1 teaspoon,"Salt, table",2047,g,6,1,section=crust,,
SWEET_007,Pie Mince,3,ingredient,"unsalted butter (chilled, cubed)",3/4 cup,"Butter, without salt",1145,g,170,1,section=crust,,
SWEET_007,Pie Mince,4,ingredient,ice water,5 tablespoons,"Water, tap, drinking",14411,g,75,1,section=crust,,
SWEET_007,Pie Mince,5,ingredient,sugar,2 teaspoons,"Sugars, granulated",19335,g,8,1,section=crust,,
SWEET_007,Pie Mince,6,ingredient,dark raisins,1/2 cup,"Raisins, seedless",9298,g,75,1,section=filling,,
SWEET_007,Pie Mince,7,ingredient,golden raisins,1/2 cup,"Raisins, golden seedless",9297,g,75,1,section=filling,,
SWEET_007,Pie Mince,8,ingredient,currants,1/2 cup,"Currants, zante, dried",9085,g,75,1,section=filling,,
SWEET_007,Pie Mince,9,ingredient,dried cranberries,1/2 cup,"Cranberries, dried, sweetened",9079,g,60,1,section=filling,,
SWEET_007,Pie Mince,10,ingredient,"medjool dates (pitted, chopped)",1/2 cup,"Dates, medjool",9421,g,75,1,section=filling,,
SWEET_007,Pie Mince,11,ingredient,dried apricots (chopped),1/2 cup,"Apricots, dried, sulfured, uncooked",9032,g,65,1,section=filling,,
SWEET_007,Pie Mince,12,ingredient,mixed candied peel/citron,1/3 cup,Candied fruit,9426,g,60,1,section=filling,,
SWEET_007,Pie Mince,13,ingredient,"peeled, cored, finely chopped",3 medium apples,"Apples, raw, granny smith, with skin",9502,g,360,1,section=filling,,
SWEET_007,Pie Mince,14,ingredient,brown sugar (packed),1/2 cup,"Sugars, brown",19334,g,110,1,section=filling,,
SWEET_007,Pie Mince,15,ingredient,unsalted butter (cut into pieces),3 tablespoons,"Butter, without salt",1145,g,42,1,section=filling,,
SWEET_007,Pie Mince,16,ingredient,ice water (or unsweetened apple juice),2/3 cup,"Water, tap, drinking",14411,g,160,1,section=filling,,
SWEET_007,Pie Mince,17,ingredient,grated zest,zest of 1 lemon,"Lemon peel, raw",9156,g,6,1,section=filling,,
SWEET_007,Pie Mince,18,ingredient,lemon juice,2 tablespoons,"Lemon juice, raw",9152,g,30,1,section=filling,,
SWEET_007,Pie Mince,19,ingredient,ground cinnamon,1 teaspoon,"Spices, cinnamon, ground",2010,g,2.6,1,section=filling,,
SWEET_007,Pie Mince,20,ingredient,ground nutmeg,1/4 teaspoon,"Spices, nutmeg, ground",2025,g,0.5,1,section=filling,,
SWEET_007,Pie Mince,21,ingredient,ground cloves,1/4 teaspoon,"Spices, cloves, ground",2011,g,0.5,1,section=filling,,
SWEET_007,Pie Mince,22,ingredient,ground ginger,1/8 teaspoon,"Spices, ginger, ground",2021,g,0.2,1,section=filling,,
SWEET_007,Pie Mince,23,ingredient,allspice,1/4 teaspoon,"Spices, allspice, ground",2001,g,0.5,1,section=filling,,
SWEET_007,Pie Mince,24,ingredient,salt,3/4 teaspoon,"Salt, table",2047,g,4.5,1,section=filling,,
SWEET_007,Pie Mince,25,ingredient,~25g of beaten egg adheres to lattice,1 large egg,"Egg, whole, raw, fresh",1123,g,25,1,section=wash,,
SWEET_007,Pie Mince,26,ingredient,ice water,1 teaspoon,"Water, tap, drinking",14411,g,5,1,section=wash,,
SWEET_008,Pie Peach,0,dish,,custom (g),"Pie, peach",18323,custom (g),100.0,1,,,
SWEET_008,Pie Peach,1,ingredient,all-purpose enriched white flour,2 cups,"Wheat flour, white, all-purpose, enriched, bleached",20081,g,250,1,section=crust,,
SWEET_008,Pie Peach,2,ingredient,salt,1 teaspoon,"Salt, table",2047,g,6,1,section=crust,,
SWEET_008,Pie Peach,3,ingredient,"unsalted butter (chilled, cubed)",3/4 cup,"Butter, without salt",1145,g,170,1,section=crust,,
SWEET_008,Pie Peach,4,ingredient,ice water,5 tablespoons,"Water, tap, drinking",14411,g,75,1,section=crust,,
SWEET_008,Pie Peach,5,ingredient,sugar,2 teaspoons,"Sugars, granulated",19335,g,8,1,section=crust,,
SWEET_008,Pie Peach,6,ingredient,"peaches (peeled, pitted, sliced)",about 7 cups sliced (about 3 lb),"Peaches, yellow, raw",9236,g,1360,1,section=filling,,
SWEET_008,Pie Peach,7,ingredient,sugar,1/2 cup,"Sugars, granulated",19335,g,100,1,section=filling,,
SWEET_008,Pie Peach,8,ingredient,brown sugar,1/4 cup packed,"Sugars, brown",19334,g,55,1,section=filling,,
SWEET_008,Pie Peach,9,ingredient,cornstarch,1/4 cup,Cornstarch,20027,g,32,1,section=filling,,
SWEET_008,Pie Peach,10,ingredient,lemon juice,1 tablespoon,"Lemon juice, raw",9152,g,15,1,section=filling,,
SWEET_008,Pie Peach,11,ingredient,ground cinnamon,1/2 teaspoon,"Spices, cinnamon, ground",2010,g,1.3,1,section=filling,,
SWEET_008,Pie Peach,12,ingredient,ground nutmeg,1/4 teaspoon,"Spices, nutmeg, ground",2025,g,0.5,1,section=filling,,
SWEET_008,Pie Peach,13,ingredient,salt,1/4 teaspoon,"Salt, table",2047,g,1.5,1,section=filling,,
SWEET_008,Pie Peach,14,ingredient,"unsalted butter (cut into small pieces, dotted on top)",1 tablespoon,"Butter, without salt",1145,g,14,1,section=filling,,
SWEET_008,Pie Peach,15,ingredient,~25g of beaten egg adheres to lattice,1 large egg,"Egg, whole, raw, fresh",1123,g,25,1,section=wash,,
SWEET_008,Pie Peach,16,ingredient,ice water,1 teaspoon,"Water, tap, drinking",14411,g,5,1,section=wash,,
SWEET_009,Pecan Pie,0,dish,,custom (g),"Pie, pecan, prepared from recipe",18325,custom (g),100.0,1,,,
SWEET_009,Pecan Pie,1,ingredient,all-purpose enriched white flour,1 1/2 cups,"Wheat flour, white, all-purpose, enriched, bleached",20081,g,188,1,section=crust,,
SWEET_009,Pecan Pie,2,ingredient,salt,1/2 teaspoon,"Salt, table",2047,g,3,1,section=crust,,
SWEET_009,Pecan Pie,3,ingredient,unsalted butter,6 tablespoons,"Butter, without salt",1145,g,85,1,section=crust,,
SWEET_009,Pecan Pie,4,ingredient,ice water,3 tablespoons ice water,"Water, tap, drinking",14411,g,45,1,section=crust,,
SWEET_009,Pecan Pie,5,ingredient,light corn syrup,1 cup,"Syrups, corn, light",19350,g,328,1,section=filling,,
SWEET_009,Pecan Pie,6,ingredient,brown sugar,1 cup packed,"Sugars, brown",19334,g,220,1,section=filling,,
SWEET_009,Pecan Pie,7,ingredient,large eggs (lightly beaten),3 large,"Egg, whole, raw, fresh",1123,g,150,1,section=filling,,
SWEET_009,Pecan Pie,8,ingredient,butter (melted),1/4 cup,"Butter, without salt",1145,g,57,1,section=filling,,
SWEET_009,Pecan Pie,9,ingredient,all-purpose flour (helps the filling set),1 tablespoon,"Wheat flour, white, all-purpose, enriched, bleached",20081,g,8,1,section=filling,,
SWEET_009,Pecan Pie,10,ingredient,vanilla extract,1 teaspoon,Vanilla extract,2050,g,4.2,1,section=filling,,
SWEET_009,Pecan Pie,11,ingredient,salt,5/8 teaspoon,"Salt, table",2047,g,3.75,1,section=filling,,
SWEET_009,Pecan Pie,12,ingredient,"pecan halves, coarsely chopped (save enough whole halves to line the top)","2 cups halves, coarsely chopped (save enough halves to line the top)","Nuts, pecans",12142,g,200,1,section=filling,,
SWEET_010,Pumpkin Pie,0,dish,,custom (g),"Pie, pumpkin, prepared from recipe",18327,custom (g),100.0,1,,,
SWEET_010,Pumpkin Pie,1,ingredient,all-purpose enriched white flour,1 1/2 cups,"Wheat flour, white, all-purpose, enriched, bleached",20081,g,188,1,section=crust,,
SWEET_010,Pumpkin Pie,2,ingredient,salt,1/2 teaspoon,"Salt, table",2047,g,3,1,section=crust,,
SWEET_010,Pumpkin Pie,3,ingredient,unsalted butter,6 tablespoons,"Butter, without salt",1145,g,85,1,section=crust,,
SWEET_010,Pumpkin Pie,4,ingredient,ice water,3 tablespoons ice water,"Water, tap, drinking",14411,g,45,1,section=crust,,
SWEET_010,Pumpkin Pie,5,ingredient,canned pumpkin puree (not pumpkin pie filling),1 can (15 oz),"Pumpkin, canned, without salt",11424,g,425,1,section=filling,,
SWEET_010,Pumpkin Pie,6,ingredient,evaporated milk,1 can (12 oz),"Milk, canned, evaporated, with added vitamin D",1096,g,354,1,section=filling,,
SWEET_010,Pumpkin Pie,7,ingredient,sugar,3/4 cup,"Sugars, granulated",19335,g,150,1,section=filling,,
SWEET_010,Pumpkin Pie,8,ingredient,large eggs (lightly beaten),2 large,"Egg, whole, raw, fresh",1123,g,100,1,section=filling,,
SWEET_010,Pumpkin Pie,9,ingredient,pumpkin pie spice (or 1 1/2 tsp cinnamon + 1/2 tsp ginger + 1/2 tsp nutmeg + 1/4 tsp cloves),1 tablespoon,"Spices, pumpkin pie spice",2035,g,5.1,1,section=filling,,
SWEET_010,Pumpkin Pie,10,ingredient,salt,1/2 teaspoon,"Salt, table",2047,g,3,1,section=filling,,
SWEET_010,Pumpkin Pie,11,ingredient,butter (melted),1 tablespoon,"Butter, without salt",1145,g,14,1,section=filling,,
SWEET_011,Vanilla Cream Pie,0,dish,,custom (g),"Pie, vanilla cream, prepared from recipe",18328,custom (g),100.0,1,,,
SWEET_011,Vanilla Cream Pie,1,ingredient,all-purpose enriched white flour,1 1/2 cups,"Wheat flour, white, all-purpose, enriched, bleached",20081,g,188,1,section=crust,,
SWEET_011,Vanilla Cream Pie,2,ingredient,salt,1/2 teaspoon,"Salt, table",2047,g,3,1,section=crust,,
SWEET_011,Vanilla Cream Pie,3,ingredient,unsalted butter,6 tablespoons,"Butter, without salt",1145,g,85,1,section=crust,,
SWEET_011,Vanilla Cream Pie,4,ingredient,ice water,3 tablespoons ice water,"Water, tap, drinking",14411,g,45,1,section=crust,,
SWEET_011,Vanilla Cream Pie,5,ingredient,whole milk,2 cups,"Milk, whole, 3.25% milkfat, with added vitamin D",1077,g,488,1,section=filling,,
SWEET_011,Vanilla Cream Pie,6,ingredient,sugar,1/2 cup + 1 tablespoon,"Sugars, granulated",19335,g,113,1,section=filling,,
SWEET_011,Vanilla Cream Pie,7,ingredient,cornstarch,7 tablespoons,Cornstarch,20027,g,56,1,section=filling,,
SWEET_011,Vanilla Cream Pie,8,ingredient,all-purpose enriched white flour,3 tablespoons,"Wheat flour, white, all-purpose, enriched, bleached",20081,g,24,1,section=filling,,
SWEET_011,Vanilla Cream Pie,9,ingredient,salt,3/4 teaspoon,"Salt, table",2047,g,4.5,1,section=filling,,
SWEET_011,Vanilla Cream Pie,10,ingredient,egg yolks (lightly beaten),4 large yolks,"Egg, yolk, raw, fresh",1125,g,68,1,section=filling,,
SWEET_011,Vanilla Cream Pie,11,ingredient,butter (cut into pieces),1 tablespoon,"Butter, without salt",1145,g,14,1,section=filling,,
SWEET_011,Vanilla Cream Pie,12,ingredient,pure vanilla extract,2 teaspoons,Vanilla extract,2050,g,8.4,1,section=filling,,
SWEET_011,Vanilla Cream Pie,13,ingredient,heavy cream,3/4 cup,"Cream, fluid, heavy whipping",1053,g,180,1,section=topping,,
SWEET_011,Vanilla Cream Pie,14,ingredient,powdered sugar,2 tablespoons,"Sugars, powdered",19336,g,15,1,section=topping,,
SWEET_011,Vanilla Cream Pie,15,ingredient,vanilla extract,1/2 teaspoon,Vanilla extract,2050,g,2.1,1,optional;section=topping,,
SWEET_012,Boston Cream Pie,0,dish,,custom (g),"Cake, boston cream pie, commercially prepared",18090,custom (g),100.0,1,,,
SWEET_012,Boston Cream Pie,1,ingredient,all-purpose enriched white flour,1 1/2 cups,"Wheat flour, white, all-purpose, enriched, bleached",20081,g,188,1,section=cake,,
SWEET_012,Boston Cream Pie,2,ingredient,baking powder,1 1/2 teaspoons,"Leavening agents, baking powder, double-acting, sodium aluminum sulfate",18369,g,6,1,section=cake,,
SWEET_012,Boston Cream Pie,3,ingredient,salt,1/4 teaspoon,"Salt, table",2047,g,1.5,1,section=cake,,
SWEET_012,Boston Cream Pie,4,ingredient,"unsalted butter, softened",1/2 cup,"Butter, without salt",1145,g,113,1,section=cake,,
SWEET_012,Boston Cream Pie,5,ingredient,sugar,1 cup,"Sugars, granulated",19335,g,200,1,section=cake,,
SWEET_012,Boston Cream Pie,6,ingredient,large eggs (room temperature),3 large,"Egg, whole, raw, fresh",1123,g,150,1,section=cake,,
SWEET_012,Boston Cream Pie,7,ingredient,vanilla extract,1 1/2 teaspoons,Vanilla extract,2050,g,6.3,1,section=cake,,
SWEET_012,Boston Cream Pie,8,ingredient,whole milk,3/4 cup,"Milk, whole, 3.25% milkfat, with added vitamin D",1077,g,183,1,section=cake,,
SWEET_012,Boston Cream Pie,9,ingredient,whole milk,1 1/2 cups,"Milk, whole, 3.25% milkfat, with added vitamin D",1077,g,366,1,section=filling,,
SWEET_012,Boston Cream Pie,10,ingredient,sugar,1/3 cup,"Sugars, granulated",19335,g,67,1,section=filling,,
SWEET_012,Boston Cream Pie,11,ingredient,cornstarch,2 tablespoons,Cornstarch,20027,g,16,1,section=filling,,
SWEET_012,Boston Cream Pie,12,ingredient,salt,1/8 teaspoon,"Salt, table",2047,g,0.75,1,section=filling,,
SWEET_012,Boston Cream Pie,13,ingredient,egg yolks (lightly beaten),3 large yolks,"Egg, yolk, raw, fresh",1125,g,51,1,section=filling,,
SWEET_012,Boston Cream Pie,14,ingredient,butter (cut in pieces),1 tablespoon,"Butter, without salt",1145,g,14,1,section=filling,,
SWEET_012,Boston Cream Pie,15,ingredient,vanilla extract,1 teaspoon,Vanilla extract,2050,g,4.2,1,section=filling,,
SWEET_012,Boston Cream Pie,16,ingredient,heavy cream,1/4 cup,"Cream, fluid, heavy whipping",1053,g,60,1,section=glaze,,
SWEET_012,Boston Cream Pie,17,ingredient,"semisweet chocolate, chopped",4 ounces,"Candies, semisweet chocolate",19080,g,113,1,section=glaze,,
SWEET_012,Boston Cream Pie,18,ingredient,butter,1 tablespoon,"Butter, without salt",1145,g,14,1,section=glaze,,
SWEET_013,Chocolate Cream Pie,0,dish,,custom (g),"Pie, chocolate creme, commercially prepared",18310,custom (g),100.0,1,,,
SWEET_013,Chocolate Cream Pie,1,ingredient,"chocolate sandwich cookies (such as Oreos), finely crushed",24 cookies,"Cookies, chocolate sandwich, with creme filling, regular",18166,g,240,1,section=crust,,
SWEET_013,Chocolate Cream Pie,2,ingredient,butter (melted),5 tablespoons,"Butter, without salt",1145,g,71,1,section=crust,,
SWEET_013,Chocolate Cream Pie,3,ingredient,whole milk,2 cups,"Milk, whole, 3.25% milkfat, with added vitamin D",1077,g,488,1,section=filling,,
SWEET_013,Chocolate Cream Pie,4,ingredient,heavy cream,1/2 cup,"Cream, fluid, heavy whipping",1053,g,115,1,section=filling,,
SWEET_013,Chocolate Cream Pie,5,ingredient,sugar,2/3 cup,"Sugars, granulated",19335,g,133,1,section=filling,,
SWEET_013,Chocolate Cream Pie,6,ingredient,cornstarch,3 tablespoons,Cornstarch,20027,g,24,1,section=filling,,
SWEET_013,Chocolate Cream Pie,7,ingredient,unsweetened cocoa powder,2 tablespoons,"Cocoa, dry powder, unsweetened",19165,g,10,1,section=filling,,
SWEET_013,Chocolate Cream Pie,8,ingredient,salt,1/8 teaspoon,"Salt, table",2047,g,0.75,1,section=filling,,
SWEET_013,Chocolate Cream Pie,9,ingredient,egg yolks (lightly beaten),4 large yolks,"Egg, yolk, raw, fresh",1125,g,68,1,section=filling,,
SWEET_013,Chocolate Cream Pie,10,ingredient,"semisweet chocolate, chopped",8 ounces,"Candies, semisweet chocolate",19080,g,227,1,section=filling,,
SWEET_013,Chocolate Cream Pie,11,ingredient,butter,3 tablespoons,"Butter, without salt",1145,g,42,1,section=filling,,
SWEET_013,Chocolate Cream Pie,12,ingredient,vanilla extract,1 teaspoon,Vanilla extract,2050,g,4.2,1,section=filling,,
SWEET_013,Chocolate Cream Pie,13,ingredient,heavy cream,1 cup,"Cream, fluid, heavy whipping",1053,g,230,1,section=topping,,
SWEET_013,Chocolate Cream Pie,14,ingredient,powdered sugar,2 tablespoons,"Sugars, powdered",19336,g,15,1,section=topping,,
SWEET_013,Chocolate Cream Pie,15,ingredient,vanilla extract,1/2 teaspoon,Vanilla extract,2050,g,2.1,1,optional;section=topping,,
SWEET_014,Coconut Cream Pie,0,dish,,custom (g),"Pie, coconut cream, prepared from mix, no-bake type",18314,custom (g),100.0,1,,,
SWEET_014,Coconut Cream Pie,1,ingredient,all-purpose flour,1 1/2 cups,"Wheat flour, white, all-purpose, enriched, bleached",20081,g,188,1,section=crust,,
SWEET_014,Coconut Cream Pie,2,ingredient,salt,1/2 teaspoon,"Salt, table",2047,g,3,1,section=crust,,
SWEET_014,Coconut Cream Pie,3,ingredient,"cold unsalted butter, cubed",6 tablespoons,"Butter, without salt",1145,g,85,1,section=crust,,
SWEET_014,Coconut Cream Pie,4,ingredient,ice water (more as needed),3 tablespoons,"Water, tap, drinking",14411,g,45,1,section=crust,,
SWEET_014,Coconut Cream Pie,5,ingredient,half-and-half,1 cup,"Cream, fluid, half and half",1049,g,242,1,section=filling,,
SWEET_014,Coconut Cream Pie,6,ingredient,"canned coconut milk (full-fat, well shaken)",1 can (13.5 oz),"Nuts, coconut milk, canned",12118,g,400,1,section=filling,,
SWEET_014,Coconut Cream Pie,7,ingredient,sugar,2/3 cup,"Sugars, granulated",19335,g,133,1,section=filling,,
SWEET_014,Coconut Cream Pie,8,ingredient,cornstarch,4 tablespoons,Cornstarch,20027,g,32,1,section=filling,,
SWEET_014,Coconut Cream Pie,9,ingredient,salt,1/2 teaspoon,"Salt, table",2047,g,3,1,section=filling,,
SWEET_014,Coconut Cream Pie,10,ingredient,egg yolks (lightly beaten),4 large yolks,"Egg, yolk, raw, fresh",1125,g,68,1,section=filling,,
SWEET_014,Coconut Cream Pie,11,ingredient,butter,2 tablespoons,"Butter, without salt",1145,g,28,1,section=filling,,
SWEET_014,Coconut Cream Pie,12,ingredient,vanilla extract,1 teaspoon,Vanilla extract,2050,g,4.2,1,section=filling,,
SWEET_014,Coconut Cream Pie,13,ingredient,sweetened flaked coconut,1 cup,"Nuts, coconut meat, dried, sweetened, flaked",12109,g,74,1,section=filling,,
SWEET_014,Coconut Cream Pie,14,ingredient,heavy cream,1 1/2 cups,"Cream, fluid, heavy whipping",1053,g,345,1,section=topping,,
SWEET_014,Coconut Cream Pie,15,ingredient,powdered sugar,2 tablespoons,"Sugars, powdered",19336,g,15,1,section=topping,,
SWEET_014,Coconut Cream Pie,16,ingredient,vanilla extract,1/2 teaspoon,Vanilla extract,2050,g,2.1,1,optional;section=topping,,
SWEET_014,Coconut Cream Pie,17,ingredient,"sweetened flaked coconut, lightly toasted (for garnish)",1/4 cup,"Nuts, coconut meat, dried, sweetened, flaked",12109,g,18,1,optional;section=topping,,
SWEET_015,Egg Custard Pie,0,dish,,custom (g),"Pie, egg custard, commercially prepared",18317,custom (g),100.0,1,,,
SWEET_015,Egg Custard Pie,1,ingredient,all-purpose flour,1 1/2 cups,"Wheat flour, white, all-purpose, enriched, bleached",20081,g,188,1,section=crust,,
SWEET_015,Egg Custard Pie,2,ingredient,salt,1/2 teaspoon,"Salt, table",2047,g,3,1,section=crust,,
SWEET_015,Egg Custard Pie,3,ingredient,"cold unsalted butter, cubed",6 tablespoons,"Butter, without salt",1145,g,85,1,section=crust,,
SWEET_015,Egg Custard Pie,4,ingredient,ice water (more as needed),3 tablespoons,"Water, tap, drinking",14411,g,45,1,section=crust,,
SWEET_015,Egg Custard Pie,5,ingredient,large eggs,4 large eggs,"Egg, whole, raw, fresh",1123,g,200,1,section=filling,,
SWEET_015,Egg Custard Pie,6,ingredient,sugar,3/4 cup,"Sugars, granulated",19335,g,150,1,section=filling,,
SWEET_015,Egg Custard Pie,7,ingredient,salt,1/4 teaspoon,"Salt, table",2047,g,1.5,1,section=filling,,
SWEET_015,Egg Custard Pie,8,ingredient,"ground nutmeg, plus more for sprinkling",1/4 teaspoon,"Spices, nutmeg, ground",2025,g,0.55,1,section=filling,,
SWEET_015,Egg Custard Pie,9,ingredient,"whole milk, scalded",2 1/2 cups,"Milk, whole, 3.25% milkfat, with added vitamin D",1077,g,610,1,section=filling,,
SWEET_015,Egg Custard Pie,10,ingredient,vanilla extract,2 teaspoons,Vanilla extract,2050,g,8.4,1,section=filling,,
SWEET_016,White Cake (No Frosting),0,dish,,custom (g),"Cake, white, prepared from recipe without frosting",18139,custom (g),100.0,1,,,
SWEET_016,White Cake (No Frosting),1,ingredient,"all-purpose flour, sifted",2 1/4 cups,"Wheat flour, white, all-purpose, enriched, bleached",20081,g,281,1,section=cake,,
SWEET_016,White Cake (No Frosting),2,ingredient,baking powder,1 tablespoon,"Leavening agents, baking powder, double-acting, sodium aluminum sulfate",18369,g,12,1,section=cake,,
SWEET_016,White Cake (No Frosting),3,ingredient,salt,5/8 teaspoon,"Salt, table",2047,g,3.75,1,section=cake,,
SWEET_016,White Cake (No Frosting),4,ingredient,"vegetable shortening, room temperature",1/2 cup + 2 1/4 teaspoons,"Shortening, household, soybean (partially hydrogenated)-cottonseed (partially hydrogenated)",4031,g,105,1,section=cake,,
SWEET_016,White Cake (No Frosting),5,ingredient,sugar,1 1/2 cups + 1 tablespoon,"Sugars, granulated",19335,g,312.5,1,section=cake,,
SWEET_016,White Cake (No Frosting),6,ingredient,"whole milk, room temperature",1 cup,"Milk, whole, 3.25% milkfat, with added vitamin D",1077,g,244,1,section=cake,,
SWEET_016,White Cake (No Frosting),7,ingredient,pure vanilla extract,2 teaspoons,Vanilla extract,2050,g,8.4,1,section=cake,,
SWEET_016,White Cake (No Frosting),8,ingredient,"egg whites, room temperature",4 large whites,"Egg, white, raw, fresh",1124,g,132,1,section=cake,,
SWEET_017,White Cake with Coconut Frosting,0,dish,,custom (g),"Cake, white, prepared from recipe with coconut frosting",18102,custom (g),100.0,1,,,
SWEET_017,White Cake with Coconut Frosting,1,ingredient,"all-purpose flour, sifted",2 1/4 cups,"Wheat flour, white, all-purpose, enriched, bleached",20081,g,281,1,section=cake,,
SWEET_017,White Cake with Coconut Frosting,2,ingredient,baking powder,1 tablespoon,"Leavening agents, baking powder, double-acting, sodium aluminum sulfate",18369,g,12,1,section=cake,,
SWEET_017,White Cake with Coconut Frosting,3,ingredient,salt,5/8 teaspoon,"Salt, table",2047,g,3.75,1,section=cake,,
SWEET_017,White Cake with Coconut Frosting,4,ingredient,"vegetable shortening, room temperature",1/2 cup + 2 tablespoons + 1/2 teaspoon,"Shortening, household, soybean (partially hydrogenated)-cottonseed (partially hydrogenated)",4031,g,124,1,section=cake,,
SWEET_017,White Cake with Coconut Frosting,5,ingredient,sugar,1 1/2 cups + 1 tablespoon,"Sugars, granulated",19335,g,312.5,1,section=cake,,
SWEET_017,White Cake with Coconut Frosting,6,ingredient,"whole milk, room temperature",1 cup,"Milk, whole, 3.25% milkfat, with added vitamin D",1077,g,244,1,section=cake,,
SWEET_017,White Cake with Coconut Frosting,7,ingredient,pure vanilla extract,2 teaspoons,Vanilla extract,2050,g,8.4,1,section=cake,,
SWEET_017,White Cake with Coconut Frosting,8,ingredient,"egg whites, room temperature",4 large whites,"Egg, white, raw, fresh",1124,g,132,1,section=cake,,
SWEET_017,White Cake with Coconut Frosting,9,ingredient,granulated sugar (for frosting),2 1/2 cups,"Sugars, granulated",19335,g,500,1,section=frosting,,
SWEET_017,White Cake with Coconut Frosting,10,ingredient,light corn syrup,2 tablespoons,"Syrups, corn, light",19350,g,41,1,section=frosting,,
SWEET_017,White Cake with Coconut Frosting,11,ingredient,water,1/3 cup,"Water, tap, drinking",14411,g,79,1,section=frosting,,
SWEET_017,White Cake with Coconut Frosting,12,ingredient,egg whites,6 large whites,"Egg, white, raw, fresh",1124,g,198,1,section=frosting,,
SWEET_017,White Cake with Coconut Frosting,13,ingredient,pinch of salt,1/2 teaspoon,"Salt, table",2047,g,3,1,section=frosting,,
SWEET_017,White Cake with Coconut Frosting,14,ingredient,pure vanilla extract,1 teaspoon,Vanilla extract,2050,g,4.2,1,section=frosting,,
SWEET_017,White Cake with Coconut Frosting,15,ingredient,"sweetened flaked coconut (about 1/2 cup folded into frosting, remainder pressed onto top and sides)",1 1/2 cups,"Nuts, coconut meat, dried, sweetened, flaked",12109,g,111,1,section=frosting,,
SWEET_018,Yellow Cake (No Frosting),0,dish,,custom (g),"Cake, yellow, prepared from recipe without frosting",18146,custom (g),100.0,1,,,
SWEET_018,Yellow Cake (No Frosting),1,ingredient,"all-purpose flour, sifted",1 1/2 cups,"Wheat flour, white, all-purpose, enriched, bleached",20081,g,187,1,section=cake,,
SWEET_018,Yellow Cake (No Frosting),2,ingredient,sifted cake flour,1/2 cup,"Wheat flour, white, cake, enriched",20084,g,62.5,1,section=cake,,
SWEET_018,Yellow Cake (No Frosting),3,ingredient,granulated sugar,1 1/4 cups,"Sugars, granulated",19335,g,250,1,section=cake,,
SWEET_018,Yellow Cake (No Frosting),4,ingredient,baking powder,2 teaspoons,"Leavening agents, baking powder, double-acting, sodium aluminum sulfate",18369,g,8,1,section=cake,,
SWEET_018,Yellow Cake (No Frosting),5,ingredient,salt,3/4 teaspoon,"Salt, table",2047,g,4.5,1,section=cake,,
SWEET_018,Yellow Cake (No Frosting),6,ingredient,"unsalted butter, soft",1/4 cup,"Butter, without salt",1145,g,57,1,section=cake,,
SWEET_018,Yellow Cake (No Frosting),7,ingredient,"vegetable shortening, soft",1/4 cup + 1 tablespoon,"Shortening, household, soybean (partially hydrogenated)-cottonseed (partially hydrogenated)",4031,g,61,1,section=cake,,
SWEET_018,Yellow Cake (No Frosting),8,ingredient,whole milk,3/4 cup,"Milk, whole, 3.25% milkfat, with added vitamin D",1077,g,183,1,section=cake,,
SWEET_018,Yellow Cake (No Frosting),9,ingredient,pure vanilla extract,1 1/4 teaspoons,Vanilla extract,2050,g,5.25,1,section=cake,,
SWEET_018,Yellow Cake (No Frosting),10,ingredient,"large eggs, unbeaten",2 large,"Egg, whole, raw, fresh",1123,g,100,1,section=cake,,
SWEET_019,Chocolate Glaze with Butter,0,dish,,custom (g),"Frostings, glaze, chocolate, prepared-from-recipe, with butter, NFSMI Recipe No. C-32",19409,custom (g),100.0,1,,,
SWEET_019,Chocolate Glaze with Butter,1,ingredient,powdered sugar,1 cup,"Sugars, powdered",19336,g,120,1,section=frosting,,
SWEET_019,Chocolate Glaze with Butter,2,ingredient,unsweetened cocoa powder,1 tablespoon,"Cocoa, dry powder, unsweetened",19165,g,5,1,section=frosting,,
SWEET_019,Chocolate Glaze with Butter,3,ingredient,"unsalted butter, melted",2 1/2 teaspoons,"Butter, without salt",1145,g,12,1,section=frosting,,
SWEET_019,Chocolate Glaze with Butter,4,ingredient,evaporated milk,1 tablespoon + 1 teaspoon,"Milk, canned, evaporated, with added vitamin D",1096,g,21,1,section=frosting,,
SWEET_019,Chocolate Glaze with Butter,5,ingredient,boiling water,2 1/2 teaspoons,"Water, tap, drinking",14411,g,12,1,section=frosting,,
SWEET_019,Chocolate Glaze with Butter,6,ingredient,pure vanilla extract,1/2 teaspoon,Vanilla extract,2050,g,2.1,1,section=frosting,,
SWEET_019,Chocolate Glaze with Butter,7,ingredient,salt,scant 1/8 teaspoon,"Salt, table",2047,g,0.5,1,section=frosting,,
SWEET_020,Yellow Cake with Chocolate Glaze,0,dish,,custom (g),"Cake, yellow, commercially prepared, with chocolate frosting, in-store bakery",18140,custom (g),100.0,1,,,
SWEET_020,Yellow Cake with Chocolate Glaze,1,ingredient,"all-purpose flour, sifted",2 2/3 cups,"Wheat flour, white, all-purpose, enriched, bleached",20081,g,333,1,section=cake,,
SWEET_020,Yellow Cake with Chocolate Glaze,2,ingredient,baking soda,1/4 teaspoon,"Leavening agents, baking soda",18372,g,1.2,1,section=cake,,
SWEET_020,Yellow Cake with Chocolate Glaze,3,ingredient,granulated sugar,1 3/4 cups,"Sugars, granulated",19335,g,350,1,section=cake,,
SWEET_020,Yellow Cake with Chocolate Glaze,4,ingredient,baking powder,2 1/2 teaspoons,"Leavening agents, baking powder, double-acting, sodium aluminum sulfate",18369,g,10,1,section=cake,,
SWEET_020,Yellow Cake with Chocolate Glaze,5,ingredient,salt,1 teaspoon,"Salt, table",2047,g,6,1,section=cake,,
SWEET_020,Yellow Cake with Chocolate Glaze,6,ingredient,"unsalted butter, soft",3/4 cup,"Butter, without salt",1145,g,170,1,section=cake,,
SWEET_020,Yellow Cake with Chocolate Glaze,7,ingredient,whole buttermilk,1 cup,"Milk, buttermilk, fluid, whole",1230,g,244,1,section=cake,,
SWEET_020,Yellow Cake with Chocolate Glaze,8,ingredient,pure vanilla extract,1 tablespoon,Vanilla extract,2050,g,12.6,1,section=cake,,
SWEET_020,Yellow Cake with Chocolate Glaze,9,ingredient,"large eggs, unbeaten",3 large,"Egg, whole, raw, fresh",1123,g,150,1,section=cake,,
SWEET_020,Yellow Cake with Chocolate Glaze,10,ingredient,large egg yolks,2 large yolks,"Egg, yolk, raw, fresh",1125,g,34,1,section=cake,,
SWEET_020,Yellow Cake with Chocolate Glaze,11,ingredient,powdered sugar,3 cups,"Sugars, powdered",19336,g,360,1,section=frosting,,
SWEET_020,Yellow Cake with Chocolate Glaze,12,ingredient,unsweetened cocoa powder,2/3 cup,"Cocoa, dry powder, unsweetened",19165,g,57,1,section=frosting,,
SWEET_020,Yellow Cake with Chocolate Glaze,13,ingredient,"unsalted butter, melted",1/2 cup,"Butter, without salt",1145,g,113,1,section=frosting,,
SWEET_020,Yellow Cake with Chocolate Glaze,14,ingredient,whole milk,1/3 cup,"Milk, whole, 3.25% milkfat, with added vitamin D",1077,g,83,1,section=frosting,,
SWEET_020,Yellow Cake with Chocolate Glaze,15,ingredient,boiling water if needed for consistency,1-2 tablespoons,"Water, tap, drinking",14411,g,18,1,optional;section=frosting,,
SWEET_020,Yellow Cake with Chocolate Glaze,16,ingredient,pure vanilla extract,1 teaspoon,Vanilla extract,2050,g,4.2,1,section=frosting,,
SWEET_020,Yellow Cake with Chocolate Glaze,17,ingredient,salt,1/4 teaspoon,"Salt, table",2047,g,1.5,1,section=frosting,,
SWEET_021,Gingerbread,0,dish,,custom (g),"Cake, gingerbread, prepared from recipe",18116,custom (g),100.0,1,,,
SWEET_021,Gingerbread,1,ingredient,"all-purpose flour, sifted",2 1/4 cups,"Wheat flour, white, all-purpose, enriched, bleached",20081,g,281,1,section=cake,,
SWEET_021,Gingerbread,2,ingredient,"unsalted butter, softened",1/4 cup,"Butter, without salt",1145,g,57,1,section=cake,,
SWEET_021,Gingerbread,3,ingredient,vegetable shortening,1/2 cup,"Shortening, household, soybean (partially hydrogenated)-cottonseed (partially hydrogenated)",4031,g,96,1,section=cake,,
SWEET_021,Gingerbread,4,ingredient,packed light brown sugar,1/3 cup,"Sugars, brown",19334,g,73,1,section=cake,,
SWEET_021,Gingerbread,5,ingredient,unsulphured molasses,3/4 cup,Molasses,19304,g,252,1,section=cake,,
SWEET_021,Gingerbread,6,ingredient,large egg,1 large,"Egg, whole, raw, fresh",1123,g,50,1,section=cake,,
SWEET_021,Gingerbread,7,ingredient,hot water,3/4 cup,"Water, tap, drinking",14411,g,170,1,section=cake,,
SWEET_021,Gingerbread,8,ingredient,baking soda,1 teaspoon,"Leavening agents, baking soda",18372,g,4.6,1,section=cake,,
SWEET_021,Gingerbread,9,ingredient,ground ginger,1 1/2 teaspoons,"Spices, ginger, ground",2021,g,2.7,1,section=cake,,
SWEET_021,Gingerbread,10,ingredient,ground cinnamon,1 teaspoon,"Spices, cinnamon, ground",2010,g,2.6,1,section=cake,,
SWEET_021,Gingerbread,11,ingredient,ground cloves,1/2 teaspoon,"Spices, cloves, ground",2011,g,1,1,section=cake,,
SWEET_021,Gingerbread,12,ingredient,salt,3/4 teaspoon,"Salt, table",2047,g,4.5,1,section=cake,,
SWEET_021,Gingerbread,13,ingredient,ginger puree or grated fresh gingerroot (optional),1 tablespoon,"Ginger root, raw",11216,g,6,1,optional;section=cake,,
SWEET_022,Pineapple Upside-Down Cake,0,dish,,custom (g),"Cake, pineapple upside-down, prepared from recipe",18119,custom (g),100.0,1,,,
SWEET_022,Pineapple Upside-Down Cake,1,ingredient,"unsalted butter, melted (for the topping)",3 tablespoons,"Butter, without salt",1145,g,43,1,section=topping,,
SWEET_022,Pineapple Upside-Down Cake,2,ingredient,packed light brown sugar,2/3 cup,"Sugars, brown",19334,g,147,1,section=topping,,
SWEET_022,Pineapple Upside-Down Cake,3,ingredient,"pineapple slices, drained (reserve juice)",5 slices,"Pineapple, canned, juice pack, drained",9354,g,200,1,section=topping,,
SWEET_022,Pineapple Upside-Down Cake,4,ingredient,"maraschino cherries, drained",5 cherries,"Maraschino cherries, canned, drained",9328,g,25,1,section=topping,,
SWEET_022,Pineapple Upside-Down Cake,5,ingredient,"all-purpose flour, sifted",1 1/2 cups,"Wheat flour, white, all-purpose, enriched, bleached",20081,g,187,1,section=cake,,
SWEET_022,Pineapple Upside-Down Cake,6,ingredient,granulated sugar,3/4 cup,"Sugars, granulated",19335,g,150,1,section=cake,,
SWEET_022,Pineapple Upside-Down Cake,7,ingredient,baking powder,2 teaspoons,"Leavening agents, baking powder, double-acting, sodium aluminum sulfate",18369,g,8,1,section=cake,,
SWEET_022,Pineapple Upside-Down Cake,8,ingredient,salt,7/8 teaspoon,"Salt, table",2047,g,5.25,1,section=cake,,
SWEET_022,Pineapple Upside-Down Cake,9,ingredient,vegetable shortening,6 tablespoons,"Shortening, household, soybean (partially hydrogenated)-cottonseed (partially hydrogenated)",4031,g,77,1,section=cake,,
SWEET_022,Pineapple Upside-Down Cake,10,ingredient,whole milk,1/2 cup,"Milk, whole, 3.25% milkfat, with added vitamin D",1077,g,122,1,section=cake,,
SWEET_022,Pineapple Upside-Down Cake,11,ingredient,pure vanilla extract,1 teaspoon,Vanilla extract,2050,g,4.2,1,section=cake,,
SWEET_022,Pineapple Upside-Down Cake,12,ingredient,large egg,1 large,"Egg, whole, raw, fresh",1123,g,50,1,section=cake,,
SWEET_022,Pineapple Upside-Down Cake,13,ingredient,ground cinnamon (optional),1/2 teaspoon,"Spices, cinnamon, ground",2010,g,1.3,1,optional;section=cake,,
SWEET_022,Pineapple Upside-Down Cake,14,ingredient,ground cloves (optional),1/4 teaspoon,"Spices, cloves, ground",2011,g,0.5,1,optional;section=cake,,
SWEET_022,Pineapple Upside-Down Cake,15,ingredient,ground ginger (optional),1/2 teaspoon,"Spices, ginger, ground",2021,g,0.9,1,optional;section=cake,,
SWEET_023,Shortcake (Biscuit-Type),0,dish,,custom (g),"Cake, shortcake, biscuit-type, prepared from recipe",18126,custom (g),100.0,1,,,
SWEET_023,Shortcake (Biscuit-Type),1,ingredient,all-purpose flour,2 cups,"Wheat flour, white, all-purpose, enriched, bleached",20081,g,250,1,section=biscuit,,
SWEET_023,Shortcake (Biscuit-Type),2,ingredient,granulated sugar,3 tablespoons,"Sugars, granulated",19335,g,37,1,section=biscuit,,
SWEET_023,Shortcake (Biscuit-Type),3,ingredient,double-acting baking powder,1 tablespoon,"Leavening agents, baking powder, double-acting, sodium aluminum sulfate",18369,g,12,1,section=biscuit,,
SWEET_023,Shortcake (Biscuit-Type),4,ingredient,table salt,1/2 teaspoon,"Salt, table",2047,g,3,1,section=biscuit,,
SWEET_023,Shortcake (Biscuit-Type),5,ingredient,vegetable shortening,1/3 cup,"Shortening, household, soybean (partially hydrogenated)-cottonseed (partially hydrogenated)",4031,g,64,1,section=biscuit,,
SWEET_023,Shortcake (Biscuit-Type),6,ingredient,whole milk,2/3 cup,"Milk, whole, 3.25% milkfat, with added vitamin D",1077,g,163,1,section=biscuit,,
SWEET_024,Hot-Water Sponge Cake,0,dish,,custom (g),"Cake, sponge, prepared from recipe",18134,custom (g),100.0,1,,,
SWEET_024,Hot-Water Sponge Cake,1,ingredient,5 large egg yolks,5 large yolks,"Egg, yolk, raw, fresh",1125,g,85,1,section=cake,,
SWEET_024,Hot-Water Sponge Cake,2,ingredient,5 large egg whites,5 large whites,"Egg, white, raw, fresh",1124,g,165,1,section=cake,,
SWEET_024,Hot-Water Sponge Cake,3,ingredient,granulated sugar,1 cup,"Sugars, granulated",19335,g,200,1,section=cake,,
SWEET_024,Hot-Water Sponge Cake,4,ingredient,sifted cake flour,1 cup,"Wheat flour, white, cake, enriched",20084,g,114,1,section=cake,,
SWEET_024,Hot-Water Sponge Cake,5,ingredient,hot water (about 180°F),1/4 cup hot,"Water, tap, drinking",14411,g,60,1,section=cake,,
SWEET_024,Hot-Water Sponge Cake,6,ingredient,fresh lemon juice,1 tablespoon,"Lemon juice, raw",9152,g,15,1,section=cake,,
SWEET_024,Hot-Water Sponge Cake,7,ingredient,pure vanilla extract,1 teaspoon,Vanilla extract,2050,g,4.2,1,section=cake,,
SWEET_024,Hot-Water Sponge Cake,8,ingredient,table salt,scant 1/2 teaspoon,"Salt, table",2047,g,2.25,1,section=cake,,
SWEET_024,Hot-Water Sponge Cake,9,ingredient,cream of tartar,1/4 teaspoon,"Leavening agents, cream of tartar",18373,g,0.75,1,section=cake,,
SWEET_025,Angel Food Cake,0,dish,,custom (g),"Cake, angelfood, commercially prepared",18086,custom (g),100.0,1,,,
SWEET_025,Angel Food Cake,1,ingredient,12 large egg whites (about 1 1/2 cups),12 large whites,"Egg, white, raw, fresh",1124,g,396,1,section=cake,,
SWEET_025,Angel Food Cake,2,ingredient,granulated sugar,1 1/2 cups,"Sugars, granulated",19335,g,300,1,section=cake,,
SWEET_025,Angel Food Cake,3,ingredient,sifted cake flour,1 cup,"Wheat flour, white, cake, enriched",20084,g,114,1,section=cake,,
SWEET_025,Angel Food Cake,4,ingredient,cream of tartar,1 1/2 teaspoons,"Leavening agents, cream of tartar",18373,g,4.5,1,section=cake,,
SWEET_025,Angel Food Cake,5,ingredient,table salt,1/4 teaspoon,"Salt, table",2047,g,1.5,1,section=cake,,
SWEET_025,Angel Food Cake,6,ingredient,pure vanilla extract,1 1/2 teaspoons,Vanilla extract,2050,g,6.3,1,section=cake,,
SWEET_026,Cheesecake (NY-Style),0,dish,,custom (g),Cheesecake commercially prepared,18147,custom (g),100.0,1,,,
SWEET_026,Cheesecake (NY-Style),1,ingredient,graham cracker crumbs (about 12 crackers),1 1/2 cups crushed,"Cookies, graham crackers, plain or honey",18173,g,150,1,section=crust,,
SWEET_026,Cheesecake (NY-Style),2,ingredient,sugar,2 tablespoons,"Sugars, granulated",19335,g,25,1,section=crust,,
SWEET_026,Cheesecake (NY-Style),3,ingredient,unsalted butter (melted),5 tablespoons,"Butter, without salt",1145,g,70,1,section=crust,,
SWEET_026,Cheesecake (NY-Style),4,ingredient,salt,pinch,"Salt, table",2047,g,0.75,1,section=crust,,
SWEET_026,Cheesecake (NY-Style),5,ingredient,"full-fat cream cheese, room temperature",32 oz (4 blocks),"Cheese, cream",1017,g,908,1,section=filling,,
SWEET_026,Cheesecake (NY-Style),6,ingredient,sugar,1 1/4 cups,"Sugars, granulated",19335,g,250,1,section=filling,,
SWEET_026,Cheesecake (NY-Style),7,ingredient,salt,1/4 teaspoon,"Salt, table",2047,g,1.5,1,section=filling,,
SWEET_026,Cheesecake (NY-Style),8,ingredient,"full-fat sour cream, room temperature",1/2 cup,"Cream, sour, cultured",1056,g,115,1,section=filling,,
SWEET_026,Cheesecake (NY-Style),9,ingredient,vanilla extract,1 teaspoon,Vanilla extract,2050,g,4.2,1,section=filling,,
SWEET_026,Cheesecake (NY-Style),10,ingredient,large egg (room temperature),4 large eggs,"Egg, whole, raw, fresh",1123,g,200,1,section=filling,,
SWEET_026,Cheesecake (NY-Style),11,ingredient,egg yolks,1 large yolk,"Egg, yolk, raw, fresh",1125,g,17,1,section=filling,,
SWEET_026,Cheesecake (NY-Style),12,ingredient,all-purpose flour,2 tablespoons,"Wheat flour, white, all-purpose, enriched, bleached",20081,g,16,1,section=filling,,
SWEET_026,Cheesecake (NY-Style),13,ingredient,freshly grated lemon zest,1 teaspoon,"Lemon peel, raw",9156,g,2,1,section=filling,,
SWEET_027,Sour Cream Coffee Cake,0,dish,,custom (g),"Coffeecake, cinnamon with crumb topping, commercially prepared, enriched",18104,custom (g),100.0,1,,,
SWEET_027,Sour Cream Coffee Cake,1,ingredient,all-purpose flour,2 cups,"Wheat flour, white, all-purpose, enriched, bleached",20081,g,240,1,section=cake,,
SWEET_027,Sour Cream Coffee Cake,2,ingredient,baking powder,1 teaspoon,"Leavening agents, baking powder, double-acting, sodium aluminum sulfate",18369,g,4,1,section=cake,,
SWEET_027,Sour Cream Coffee Cake,3,ingredient,baking soda,1/4 teaspoon,"Leavening agents, baking soda",18372,g,1.2,1,section=cake,,
SWEET_027,Sour Cream Coffee Cake,4,ingredient,salt,1/2 teaspoon,"Salt, table",2047,g,3,1,section=cake,,
SWEET_027,Sour Cream Coffee Cake,5,ingredient,unsalted butter (room temperature),8 tablespoons,"Butter, without salt",1145,g,113,1,section=cake,,
SWEET_027,Sour Cream Coffee Cake,6,ingredient,sugar,1 cup,"Sugars, granulated",19335,g,198,1,section=cake,,
SWEET_027,Sour Cream Coffee Cake,7,ingredient,large egg (room temperature),2 large eggs,"Egg, whole, raw, fresh",1123,g,100,1,section=cake,,
SWEET_027,Sour Cream Coffee Cake,8,ingredient,vanilla extract,1 teaspoon,Vanilla extract,2050,g,4.2,1,section=cake,,
SWEET_027,Sour Cream Coffee Cake,9,ingredient,sour cream (room temperature),1 cup,"Cream, sour, cultured",1056,g,230,1,section=cake,,
SWEET_027,Sour Cream Coffee Cake,10,ingredient,all-purpose enriched white flour,1/2 cup,"Wheat flour, white, all-purpose, enriched, bleached",20081,g,60,1,section=topping,,
SWEET_027,Sour Cream Coffee Cake,11,ingredient,light brown sugar,1/4 cup packed,"Sugars, brown",19334,g,55,1,section=topping,,
SWEET_027,Sour Cream Coffee Cake,12,ingredient,ground cinnamon,1 teaspoon,"Spices, cinnamon, ground",2010,g,2.6,1,section=topping,,
SWEET_027,Sour Cream Coffee Cake,13,ingredient,salt,pinch,"Salt, table",2047,g,0.75,1,section=topping,,
SWEET_027,Sour Cream Coffee Cake,14,ingredient,unsalted butter (cold cut into pieces),3 tablespoons,"Butter, without salt",1145,g,43,1,section=topping,,
SWEET_028,Pound Cake,0,dish,,custom (g),"Cake, pound, commercially prepared, butter (includes fresh and frozen)",18120,custom (g),100.0,1,,,
SWEET_028,Pound Cake,1,ingredient,unsalted butter (room temperature),1 cup,"Butter, without salt",1145,g,227,1,,,
SWEET_028,Pound Cake,2,ingredient,sugar,1 cup,"Sugars, granulated",19335,g,198,1,,,
SWEET_028,Pound Cake,3,ingredient,large egg (room temperature),4 large eggs,"Egg, whole, raw, fresh",1123,g,200,1,,,
SWEET_028,Pound Cake,4,ingredient,vanilla extract,1 teaspoon,Vanilla extract,2050,g,4.2,1,,,
SWEET_028,Pound Cake,5,ingredient,all-purpose flour,2 cups,"Wheat flour, white, all-purpose, enriched, bleached",20081,g,240,1,,,
SWEET_028,Pound Cake,6,ingredient,baking powder,1 teaspoon,"Leavening agents, baking powder, double-acting, sodium aluminum sulfate",18369,g,4,1,,,
SWEET_028,Pound Cake,7,ingredient,salt,1/2 teaspoon,"Salt, table",2047,g,3,1,,,
SWEET_028,Pound Cake,8,ingredient,sour cream (room temperature),1/4 cup,"Cream, sour, cultured",1056,g,58,1,,,
SWEET_029,Brownies (Fudgy),0,dish,,custom (g),"Cookies, brownies, prepared from recipe",18154,custom (g),100.0,1,,,
SWEET_029,Brownies (Fudgy),1,ingredient,vegetable shortening,2/3 cup,"Shortening, household, soybean (partially hydrogenated)-cottonseed (partially hydrogenated)",4031,g,130,1,section=batter,,
SWEET_029,Brownies (Fudgy),2,ingredient,unsalted butter,1/4 cup,"Butter, without salt",1145,g,57,1,section=batter,,
SWEET_029,Brownies (Fudgy),3,ingredient,granulated sugar,1 cup + 1 tablespoon,"Sugars, granulated",19335,g,210,1,section=batter,,
SWEET_029,Brownies (Fudgy),4,ingredient,large eggs,2 large,"Egg, whole, raw, fresh",1123,g,100,1,section=batter,,
SWEET_029,Brownies (Fudgy),5,ingredient,pure vanilla extract,1 teaspoon,Vanilla extract,2050,g,4.2,1,section=batter,,
SWEET_029,Brownies (Fudgy),6,ingredient,all-purpose flour,2/3 cup,"Wheat flour, white, all-purpose, enriched, bleached",20081,g,80,1,section=batter,,
SWEET_029,Brownies (Fudgy),7,ingredient,unsweetened cocoa powder,1 cup + 1 tablespoon,"Cocoa, dry powder, unsweetened",19165,g,95,1,section=batter,,
SWEET_029,Brownies (Fudgy),8,ingredient,table salt,scant 1 teaspoon,"Salt, table",2047,g,5.5,1,section=batter,,
SWEET_030,"Cookies, Oatmeal with Raisins",0,dish,,custom (g),"Cookies, oatmeal, prepared from recipe, with raisins",18184,custom (g),100.0,1,,,
SWEET_030,"Cookies, Oatmeal with Raisins",1,ingredient,unsalted butter,1/2 cup + 6 tbsp,"Butter, without salt",1145,g,199,1,,,
SWEET_030,"Cookies, Oatmeal with Raisins",2,ingredient,brown sugar,3/4 cup packed,"Sugars, brown",19334,g,165,1,,,
SWEET_030,"Cookies, Oatmeal with Raisins",3,ingredient,sugar,1/2 cup,"Sugars, granulated",19335,g,100,1,,,
SWEET_030,"Cookies, Oatmeal with Raisins",4,ingredient,large egg,2 large,"Egg, whole, raw, fresh",1123,g,100,1,,,
SWEET_030,"Cookies, Oatmeal with Raisins",5,ingredient,vanilla extract,1 teaspoon,Vanilla extract,2050,g,4.2,1,,,
SWEET_030,"Cookies, Oatmeal with Raisins",6,ingredient,all-purpose enriched white flour,1 1/2 cups,"Wheat flour, white, all-purpose, enriched, bleached",20081,g,185,1,,,
SWEET_030,"Cookies, Oatmeal with Raisins",7,ingredient,baking soda,1 teaspoon,"Leavening agents, baking soda",18372,g,5,1,,,
SWEET_030,"Cookies, Oatmeal with Raisins",8,ingredient,ground cinnamon,1 teaspoon,"Spices, cinnamon, ground",2010,g,2.6,1,,,
SWEET_030,"Cookies, Oatmeal with Raisins",9,ingredient,salt,1/2 teaspoon,"Salt, table",2047,g,3,1,,,
SWEET_030,"Cookies, Oatmeal with Raisins",10,ingredient,rolled oats (regular/quick oats),3 cups,"Cereals, oats, regular and quick, not fortified, dry",8120,g,300,1,,,
SWEET_030,"Cookies, Oatmeal with Raisins",11,ingredient,raisins,1 cup,"Raisins, seedless",9298,g,140,1,,,
SWEET_031,"Cookies, Sugar, from Recipe with Margarine",0,dish,,custom (g),"Cookies, sugar, prepared from recipe, made with margarine",18208,custom (g),100.0,1,,,
SWEET_031,"Cookies, Sugar, from Recipe with Margarine",1,ingredient,all-purpose enriched white flour,2¾ cups,"Wheat flour, white, all-purpose, enriched, bleached",20081,g,350,1,,,
SWEET_031,"Cookies, Sugar, from Recipe with Margarine",2,ingredient,baking powder,2 teaspoons,"Leavening agents, baking powder, double-acting, sodium aluminum sulfate",18369,g,8,1,,,
SWEET_031,"Cookies, Sugar, from Recipe with Margarine",3,ingredient,salt,½ teaspoon,"Salt, table",2047,g,3,1,,,
SWEET_031,"Cookies, Sugar, from Recipe with Margarine",4,ingredient,margarine stick salted,1 cup (2 sticks),"Margarine, regular, 80% fat, composite, stick, with salt",4610,g,227,1,,,
SWEET_031,"Cookies, Sugar, from Recipe with Margarine",5,ingredient,sugar,¾ cup,"Sugars, granulated",19335,g,155,1,,,
SWEET_031,"Cookies, Sugar, from Recipe with Margarine",6,ingredient,large egg,2 large,"Egg, whole, raw, fresh",1123,g,100,1,,,
SWEET_031,"Cookies, Sugar, from Recipe with Margarine",7,ingredient,vanilla extract,1 teaspoon,Vanilla extract,2050,g,4.2,1,,,
SWEET_031,"Cookies, Sugar, from Recipe with Margarine",8,ingredient,sugar,¼ cup for rolling,"Sugars, granulated",19335,g,50,1,section=rolling,,
SWEET_032,"Cookies, Gingersnaps",0,dish,,custom (g),"Cookies, gingersnaps",18172,custom (g),100.0,1,,,
SWEET_032,"Cookies, Gingersnaps",1,ingredient,all-purpose enriched white flour,2¼ cups,"Wheat flour, white, all-purpose, enriched, bleached",20081,g,270,1,,,
SWEET_032,"Cookies, Gingersnaps",2,ingredient,baking soda,2 teaspoons,"Leavening agents, baking soda",18372,g,10,1,,,
SWEET_032,"Cookies, Gingersnaps",3,ingredient,salt,½ teaspoon,"Salt, table",2047,g,3,1,,,
SWEET_032,"Cookies, Gingersnaps",4,ingredient,unsalted butter,½ cup (1 stick),"Butter, without salt",1145,g,113,1,,,
SWEET_032,"Cookies, Gingersnaps",5,ingredient,sugar,1 cup,"Sugars, granulated",19335,g,200,1,,,
SWEET_032,"Cookies, Gingersnaps",6,ingredient,molasses,½ cup,Molasses,19304,g,170,1,,,
SWEET_032,"Cookies, Gingersnaps",7,ingredient,large egg,1 large,"Egg, whole, raw, fresh",1123,g,50,1,,,
SWEET_032,"Cookies, Gingersnaps",8,ingredient,ground ginger,2 teaspoons,"Spices, ginger, ground",2021,g,3.6,1,,,
SWEET_032,"Cookies, Gingersnaps",9,ingredient,ground cinnamon,1 teaspoon,"Spices, cinnamon, ground",2010,g,2.6,1,,,
SWEET_032,"Cookies, Gingersnaps",10,ingredient,ground cloves,½ teaspoon,"Spices, cloves, ground",2011,g,2.1,1,,,
SWEET_032,"Cookies, Gingersnaps",11,ingredient,sugar,¼ cup for rolling,"Sugars, granulated",19335,g,50,1,section=rolling,,
SWEET_033,"Cookies, Butter, Homemade",0,dish,,custom (g),"Cookies, butter, commercially prepared, enriched",18155,custom (g),100.0,1,,,
SWEET_033,"Cookies, Butter, Homemade",1,ingredient,unsalted butter,1 cup (2 sticks),"Butter, without salt",1145,g,227,1,,,
SWEET_033,"Cookies, Butter, Homemade",2,ingredient,sugar,1 cup,"Sugars, granulated",19335,g,200,1,,,
SWEET_033,"Cookies, Butter, Homemade",3,ingredient,large egg,1 large,"Egg, whole, raw, fresh",1123,g,50,1,,,
SWEET_033,"Cookies, Butter, Homemade",4,ingredient,vanilla extract,2 teaspoons,Vanilla extract,2050,g,8.4,1,,,
SWEET_033,"Cookies, Butter, Homemade",5,ingredient,all-purpose enriched white flour,2¼ cups,"Wheat flour, white, all-purpose, enriched, bleached",20081,g,280,1,,,
SWEET_033,"Cookies, Butter, Homemade",6,ingredient,salt,¼ teaspoon,"Salt, table",2047,g,1.5,1,,,
SWEET_034,"Cookies, Chocolate Chip, Homemade",0,dish,,custom (g),"Cookies, chocolate chip, refrigerated dough, baked",18164,custom (g),100.0,1,,,
SWEET_034,"Cookies, Chocolate Chip, Homemade",1,ingredient,all-purpose enriched white flour,2¼ cups,"Wheat flour, white, all-purpose, enriched, bleached",20081,g,280,1,,,
SWEET_034,"Cookies, Chocolate Chip, Homemade",2,ingredient,baking soda,1 teaspoon,"Leavening agents, baking soda",18372,g,5,1,,,
SWEET_034,"Cookies, Chocolate Chip, Homemade",3,ingredient,salt,½ teaspoon,"Salt, table",2047,g,3,1,,,
SWEET_034,"Cookies, Chocolate Chip, Homemade",4,ingredient,unsalted butter,"¾ cup (1½ sticks, melted)","Butter, without salt",1145,g,170,1,,,
SWEET_034,"Cookies, Chocolate Chip, Homemade",5,ingredient,brown sugar,¾ cup packed,"Sugars, brown",19334,g,150,1,,,
SWEET_034,"Cookies, Chocolate Chip, Homemade",6,ingredient,sugar,½ cup,"Sugars, granulated",19335,g,100,1,,,
SWEET_034,"Cookies, Chocolate Chip, Homemade",7,ingredient,large egg,1 large,"Egg, whole, raw, fresh",1123,g,50,1,,,
SWEET_034,"Cookies, Chocolate Chip, Homemade",8,ingredient,egg yolks,1 egg yolk,"Egg, yolk, raw, fresh",1125,g,18,1,,,
SWEET_034,"Cookies, Chocolate Chip, Homemade",9,ingredient,vanilla extract,2 teaspoons,Vanilla extract,2050,g,8.4,1,,,
SWEET_034,"Cookies, Chocolate Chip, Homemade",10,ingredient,chocolate chips semi-sweet,2 cups,"Chocolate, dark, cacao solids 45-59%, including coatings",14106,g,340,1,,,
SWEET_035,"Cookies, Fig Bars",0,dish,,custom (g),"Cookies, fig bars",18170,custom (g),100.0,1,,,
SWEET_035,"Cookies, Fig Bars",1,ingredient,dried figs,2 cups,"Figs, dried, uncooked",9094,g,300,1,section=filling,,
SWEET_035,"Cookies, Fig Bars",2,ingredient,ice water,¾ cup,"Water, tap, drinking",14411,g,180,1,section=filling,,
SWEET_035,"Cookies, Fig Bars",3,ingredient,all-purpose enriched white flour,1⅓ cups,"Wheat flour, white, all-purpose, enriched, bleached",20081,g,180,1,section=crust,,
SWEET_035,"Cookies, Fig Bars",4,ingredient,unsalted butter,⅓ cup + 2 tbsp,"Butter, without salt",1145,g,70,1,section=crust,,
SWEET_035,"Cookies, Fig Bars",5,ingredient,brown sugar,⅓ cup packed,"Sugars, brown",19334,g,80,1,section=crust,,
SWEET_035,"Cookies, Fig Bars",6,ingredient,large egg,1 large,"Egg, whole, raw, fresh",1123,g,50,1,section=crust,,
SWEET_035,"Cookies, Fig Bars",7,ingredient,vanilla extract,1 teaspoon,Vanilla extract,2050,g,4.2,1,section=crust,,
SWEET_035,"Cookies, Fig Bars",8,ingredient,baking powder,1 teaspoon,"Leavening agents, baking powder, double-acting, sodium aluminum sulfate",18369,g,4,1,section=crust,,
SWEET_035,"Cookies, Fig Bars",9,ingredient,salt,¼ teaspoon,"Salt, table",2047,g,1.5,1,section=crust,,
SWEET_036,"Cookies, Coconut Macaroon",0,dish,,custom (g),"Cookies, coconut macaroon",28309,custom (g),100.0,1,,,
SWEET_036,"Cookies, Coconut Macaroon",1,ingredient,egg whites,4 large,"Egg, white, raw, fresh",1124,g,132,1,section=macaroons,,
SWEET_036,"Cookies, Coconut Macaroon",2,ingredient,sugar,1/2 cup,"Sugars, granulated",19335,g,100,1,section=macaroons,,
SWEET_036,"Cookies, Coconut Macaroon",3,ingredient,vanilla extract,1 teaspoon,Vanilla extract,2050,g,4.2,1,section=macaroons,,
SWEET_036,"Cookies, Coconut Macaroon",4,ingredient,salt,1/8 teaspoon,"Salt, table",2047,g,0.75,1,section=macaroons,,
SWEET_036,"Cookies, Coconut Macaroon",5,ingredient,sweetened shredded coconut,1 (14-ounce) bag (about 5 1/3 cups),"Nuts, coconut meat, dried (desiccated), sweetened, shredded",12179,g,397,1,section=macaroons,,
SWEET_037,"Cookies, Molasses",0,dish,,custom (g),"Cookies, molasses",18177,custom (g),100.0,1,,,
SWEET_037,"Cookies, Molasses",1,ingredient,unsalted butter,3/4 cup,"Butter, without salt",1145,g,170,1,section=cookies,,
SWEET_037,"Cookies, Molasses",2,ingredient,brown sugar,3/4 cup packed,"Sugars, brown",19334,g,165,1,section=cookies,,
SWEET_037,"Cookies, Molasses",3,ingredient,molasses,1/3 cup,Molasses,19304,g,110,1,section=cookies,,
SWEET_037,"Cookies, Molasses",4,ingredient,large egg,1 large,"Egg, whole, raw, fresh",1123,g,50,1,section=cookies,,
SWEET_037,"Cookies, Molasses",5,ingredient,all-purpose enriched white flour,2 1/4 cups,"Wheat flour, white, all-purpose, enriched, bleached",20081,g,281,1,section=cookies,,
SWEET_037,"Cookies, Molasses",6,ingredient,baking soda,1 1/2 teaspoons,"Leavening agents, baking soda",18372,g,7.5,1,section=cookies,,
SWEET_037,"Cookies, Molasses",7,ingredient,ground cinnamon,1 teaspoon,"Spices, cinnamon, ground",2010,g,2.6,1,section=cookies,,
SWEET_037,"Cookies, Molasses",8,ingredient,ground ginger,1 teaspoon,"Spices, ginger, ground",2021,g,2,1,section=cookies,,
SWEET_037,"Cookies, Molasses",9,ingredient,ground cloves,1/4 teaspoon,"Spices, cloves, ground",2011,g,0.5,1,section=cookies,,
SWEET_037,"Cookies, Molasses",10,ingredient,salt,1/4 teaspoon,"Salt, table",2047,g,1.5,1,section=cookies,,
SWEET_037,"Cookies, Molasses",11,ingredient,sugar,3 tablespoons (for rolling),"Sugars, granulated",19335,g,36,1,optional;section=cookies,,
SWEET_038,"Cookies, Peanut Butter",0,dish,,custom (g),"Cookies, peanut butter, refrigerated dough, baked",18188,custom (g),100.0,1,,,
SWEET_038,"Cookies, Peanut Butter",1,ingredient,unsalted butter,1/2 cup,"Butter, without salt",1145,g,113,1,section=cookies,,
SWEET_038,"Cookies, Peanut Butter",2,ingredient,sugar,1/2 cup,"Sugars, granulated",19335,g,100,1,section=cookies,,
SWEET_038,"Cookies, Peanut Butter",3,ingredient,brown sugar,1/2 cup packed,"Sugars, brown",19334,g,106,1,section=cookies,,
SWEET_038,"Cookies, Peanut Butter",4,ingredient,smooth peanut butter,3/4 cup,"Peanut butter, smooth style, with salt",16098,g,198,1,section=cookies,,
SWEET_038,"Cookies, Peanut Butter",5,ingredient,large egg,1 large,"Egg, whole, raw, fresh",1123,g,50,1,section=cookies,,
SWEET_038,"Cookies, Peanut Butter",6,ingredient,vanilla extract,1 teaspoon,Vanilla extract,2050,g,4.2,1,optional;section=cookies,,
SWEET_038,"Cookies, Peanut Butter",7,ingredient,all-purpose enriched white flour,1 1/2 cups,"Wheat flour, white, all-purpose, enriched, bleached",20081,g,180,1,section=cookies,,
SWEET_038,"Cookies, Peanut Butter",8,ingredient,baking soda,1 teaspoon,"Leavening agents, baking soda",18372,g,5,1,section=cookies,,
SWEET_038,"Cookies, Peanut Butter",9,ingredient,baking powder,1/2 teaspoon,"Leavening agents, baking powder, double-acting, sodium aluminum sulfate",18369,g,2,1,optional;section=cookies,,
SWEET_038,"Cookies, Peanut Butter",10,ingredient,salt,1/4 teaspoon,"Salt, table",2047,g,1.5,1,section=cookies,,
SWEET_038,"Cookies, Peanut Butter",11,ingredient,sugar,2 tablespoons (for rolling),"Sugars, granulated",19335,g,25,1,optional;section=rolling,,
SWEET_039,"Cookies, Shortbread",0,dish,,custom (g),"Cookies, shortbread, commercially prepared, plain",18192,custom (g),100.0,1,,,
SWEET_039,"Cookies, Shortbread",1,ingredient,unsalted butter,1 cup (slightly scant),"Butter, without salt",1145,g,224,1,section=shortbread,,
SWEET_039,"Cookies, Shortbread",2,ingredient,sugar,3/4 cup,"Sugars, granulated",19335,g,150,1,section=shortbread,,
SWEET_039,"Cookies, Shortbread",3,ingredient,vanilla extract,1 teaspoon,Vanilla extract,2050,g,4.2,1,section=shortbread,,
SWEET_039,"Cookies, Shortbread",4,ingredient,salt,1 teaspoon,"Salt, table",2047,g,6,1,section=shortbread,,
SWEET_039,"Cookies, Shortbread",5,ingredient,all-purpose enriched white flour,2 1/2 cups + 1 tablespoon,"Wheat flour, white, all-purpose, enriched, bleached",20081,g,320,1,section=shortbread,,
SWEET_039,"Cookies, Shortbread",6,ingredient,cornstarch,1/4 cup,Cornstarch,20027,g,31,1,optional;section=shortbread,,
SWEET_040,Buttermilk Pie,0,dish,,custom (g),,,custom (g),100.0,1,,,
SWEET_040,Buttermilk Pie,1,ingredient,all-purpose enriched white flour,1 1/2 cups,"Wheat flour, white, all-purpose, enriched, bleached",20081,g,188,1,section=crust,,
SWEET_040,Buttermilk Pie,2,ingredient,unsalted butter,"9 1/2 tablespoons, chilled","Butter, without salt",1145,g,135,1,section=crust,,
SWEET_040,Buttermilk Pie,3,ingredient,salt,1/2 teaspoon + pinch,"Salt, table",2047,g,3.6,1,section=crust,,
SWEET_040,Buttermilk Pie,4,ingredient,sugar,1/2 teaspoon + pinch,"Sugars, granulated",19335,g,2.5,1,section=crust,,
SWEET_040,Buttermilk Pie,5,ingredient,ice water,4 tablespoons + 1 teaspoon,"Water, tap, drinking",14411,g,72,1,section=crust,,
SWEET_040,Buttermilk Pie,6,ingredient,sugar,1 1/2 cups,"Sugars, granulated",19335,g,300,1,section=filling,,
SWEET_040,Buttermilk Pie,7,ingredient,unsalted butter,"1/2 cup, melted","Butter, without salt",1145,g,113,1,section=filling,,
SWEET_040,Buttermilk Pie,8,ingredient,large egg,3 large eggs,"Egg, whole, raw, fresh",1123,g,150,1,section=filling,,
SWEET_040,Buttermilk Pie,9,ingredient,whole buttermilk,1 cup,"Milk, buttermilk, fluid, whole",1230,g,244,1,section=filling,,
SWEET_040,Buttermilk Pie,10,ingredient,all-purpose enriched white flour,3 tablespoons,"Wheat flour, white, all-purpose, enriched, bleached",20081,g,24,1,section=filling,,
SWEET_040,Buttermilk Pie,11,ingredient,vanilla extract,1 teaspoon,Vanilla extract,2050,g,4.2,1,section=filling,,
SWEET_040,Buttermilk Pie,12,ingredient,salt,1/4 teaspoon,"Salt, table",2047,g,1.5,1,section=filling,,
SWEET_040,Buttermilk Pie,13,ingredient,ground nutmeg,1/4 teaspoon,"Spices, nutmeg, ground",2025,g,0.5,1,section=filling,,
SWEET_040,Buttermilk Pie,14,ingredient,lemon zest,1 teaspoon,"Lemon peel, raw",9156,g,2,1,section=filling,,
