word,group1,group2,group3,group4,fact2,fact3,NDB_NO,USDA_Desc,Match_Type,Alt_Matches
ABALONE,protein,,,,,,15155,"Mollusks, abalone, mixed species, raw",DESC_CONTAINS,2
ABIYUCH,vegetable,,,,,,9427,"Abiyuch, raw",KEYWORD_EXACT,1
ACEROLA,fruit,,,,,,9001,"Acerola, (west indian cherry), raw",KEYWORD_EXACT,2
ACORN,nuts,,,,,,12059,"Nuts, acorns, dried",KEYWORD_EXACT,6
ACORNFLOUR,nuts,,,,,,12060,"Nuts, acorn flour, full fat",COMPOUND_MATCH,1
ACORNSTEW,prepared,,,,,,35182,Acorn stew (Apache),COMPOUND_MATCH,1
ADZUKI,legume,,,,,,16001,"Beans, adzuki, mature seeds, raw",DESC_CONTAINS,4
AGAVE,vegetable,,,,,,35192,"Agave, raw (Southwest)",KEYWORD_EXACT,4
AGUTUK,protein,,,,,,35001,"Agutuk, fish/berry with seal oil (Alaskan ice cream) (Alaska Native)",DESC_STARTS,3
ALFALFA,vegetable,,,,,,11001,"Alfalfa seeds, sprouted, raw",,
ALLSPICE,spice,,,,,,2001,"Spices, allspice, ground",DESC_CONTAINS,1
ALMONDBLANCHED,nuts,,,,,,12062,"Nuts, almonds, blanched",,
ALMONDBUTTER,nuts,fats,protein,High in healthy fats,Good source of protein,,12195,"Nuts, almond butter, plain, without salt added",COMPOUND_MATCH,2
ALMONDDRYNOSALT,nuts,,,,,,12063,"Nuts, almonds, dry roasted, without salt added",,
ALMONDDRYSALT,nuts,,,,,,12563,"Nuts, almonds, dry roasted, with salt added",,
ALMONDHONEY,nuts,,,,,,12206,"Nuts, almonds, honey roasted, unblanched",,
ALMONDMILK,beverage,,,,,,14016,"Beverages, almond milk, sweetened, vanilla flavor, ready-to-drink",COMPOUND_MATCH,4
ALMONDOIL,nuts,fats,protein,High in healthy fats,Good source of protein,,4529,"Oil, almond",DESC_CONTAINS,5
ALMONDOILNOSALT,nuts,,,,,,12065,"Nuts, almonds, oil roasted, without salt added",,
ALMONDOILSALT,nuts,,,,,,12565,"Nuts, almonds, oil roasted, with salt added",,
ALMONDPASTE,spice,,,,,,12071,"Nuts, almond paste",COMPOUND_MATCH,1
ALOEVERAJUICE,beverage,,,,,,14216,"Beverages, aloe vera juice drink, fortified with Vitamin C",,
AMARANTH,grain,,,,,,20002,"Amaranth grain, cooked",,
AMARANTHLEAVE,vegetable,,,,,,11004,"Amaranth leaves, cooked, boiled, drained, without salt",KEYWORD_EXACT,5
AMERICAN,dairy,,,,,,1061,"Cheese, American, nonfat or fat free",DESC_CONTAINS,5
ANCHOVY,protein,,,,,,15001,"Fish, anchovy, european, raw",DESC_CONTAINS,2
ANISE,spice,,,,,,2002,"Spices, anise seed",DESC_CONTAINS,1
ANTELOPE,protein,,,,,,17144,"Game meat, antelope, raw",DESC_CONTAINS,2
APPLE,fruit,,,,,,9003,"Apples, raw, with skin",PREFERRED,1
APPLEJUICE,beverage,,,,,,9016,"Apple juice, canned or bottled, unsweetened, without added ascorbic acid",,
APPLEPIE,prepared,,,,,,18302,"Pie, apple, prepared from recipe",,
APPLESAUCE,prepared,,,,,,9019,"Applesauce, canned, unsweetened, without added ascorbic acid (includes USDA commodity)",KEYWORD_EXACT,9
APPLESTRUDEL,,,,,,,18354,"Strudel, apple",,
APRICOT,fruit,,,,,,9021,"Apricots, raw",,
APRICOTJAM,fruit,spice,,,,,19719,"Jams and preserves, apricot",PREFERRED,1
APRICOTOIL,fruit,fats,,,,,4530,"Oil, apricot kernel",PREFERRED,1
ARROWHEAD,vegetable,,,,,,11005,"Arrowhead, raw",KEYWORD_EXACT,5
ARROWROOT,vegetable,,,,,,11697,"Arrowroot, raw",DESC_STARTS,3
ARTICHOKE,vegetable,,,,,,11008,"Artichokes, (globe or french), cooked, boiled, drained, without salt",KEYWORD_EXACT,7
ARUGULA,vegetable,,,,,,11959,"Arugula, raw",KEYWORD_EXACT,1
ASCIDIANS,protein,,,,,,35004,Ascidians (tunughnak) (Alaska Native),DESC_STARTS,1
ASIAGO,dairy,,,,,,28234,"SUNSHINE, CHEEZ-IT, Asiago Crackers",DESC_CONTAINS,1
ASPARAGUS,vegetable,,,,,,11019,"Asparagus, frozen, cooked, boiled, drained, without salt",KEYWORD_EXACT,9
AVOCADO,vegetable,fruit,fats,Botanically a berry,Used as a vegetable,Rich in healthy fats,9038,"Avocados, raw, California",DESC_STARTS,4
BABASSU,fats,,,,,,4534,"Oil, babassu",DESC_CONTAINS,1
BACON,protein,,,,,,10862,"Pork, cured, bacon, pre-sliced, cooked, pan-fried",KEYWORD_EXACT,12
BAGEL,grain,,,,,,28319,"Bagels, whole grain white",DESC_STARTS,13
BAKEDBEANS,prepared,,,,,,16006,"Beans, baked, canned, plain or vegetarian",PREFERRED,1
BAKINGSODA,spice,,,,,,18372,"Leavening agents, baking soda",,
BALSAMPEAR,fruit,,,,,,11022,"Balsam-pear (bitter gourd), leafy tips, raw",COMPOUND_MATCH,6
BAMBOO,vegetable,,,,,,11026,"Bamboo shoots, raw",KEYWORD_EXACT,4
BANANA,fruit,,,,,,9040,"Bananas, raw",PREFERRED,1
BANANACHIPS,fruit,prepared,,,,,19400,"Snacks, banana chips",,
BARBECUE,spice,,,,,,7001,"Barbecue loaf, pork, beef",KEYWORD_EXACT,6
BARLEY,grain,,,,,,20006,"Barley, pearled, cooked",KEYWORD_EXACT,7
BASIL,spice,,,,,,2044,"Basil, fresh",KEYWORD_EXACT,5
BASS,protein,,,,,,15187,"Fish, bass, freshwater, mixed species, cooked, dry heat",DESC_CONTAINS,4
BAYLEAF,spice,,,,,,2004,"Spices, bay leaf",COMPOUND_MATCH,1
BEAR,protein,,,,,,35008,"Bear, polar, meat, raw (Alaska Native)",KEYWORD_EXACT,9
BEAVER,protein,,,,,,17150,"Game meat, beaver, raw",DESC_CONTAINS,2
BEECHNUT,nuts,,,,,,12077,"Nuts, beechnuts, dried",DESC_CONTAINS,1
BEEF,protein,,,,,,13364,"Beef, composite of trimmed retail cuts, separable lean only, trimmed to 0"" fat, all grades, cooked",PREFERRED,1
BEEFALO,prepared,,,,,,17152,"Game meat, beefalo, composite of cuts, raw",DESC_CONTAINS,2
BEEFBRAIN,protein,,,,,,13319,"Beef, variety meats and by-products, brain, cooked, pan-fried",DESC_CONTAINS,5
BEEFBRISKET,protein,,,,,,13804,"Beef, brisket, whole, separable lean and fat, trimmed to 1/8"" fat, all grades, cooked, braised",DESC_CONTAINS,5
BEEFCORNED,protein,,,,,,13347,"Beef, cured, corned beef, brisket, cooked",COMPOUND_MATCH,7
BEEFEYEOFROUND,protein,,,,,,13417,"Beef, round, eye of round roast, boneless, separable lean and fat, trimmed to 0"" fat, select, cooked, roasted",COMPOUND_MATCH,10
BEEFFLANKSTEAK,protein,,,,,,13948,"Beef, flank, steak, separable lean and fat, trimmed to 0"" fat, all grades, cooked, broiled",COMPOUND_MATCH,10
BEEFGROUND,protein,,,,,,23570,"Beef, ground, 85% lean meat / 15% fat, crumbles, cooked, pan-browned",,
BEEFNEWYORKSTRIP,protein,,,,,,23284,"Beef, top loin filet, boneless, separable lean and fat, trimmed to 1/8"" fat, all grades, cooked, grilled",,
BEEFPORTERHOUSE,protein,,,,,,13459,"Beef, short loin, porterhouse steak, separable lean and fat, trimmed to 0"" fat, all grades, cooked, broiled",,
BEEFPOTPIE,prepared,,,,,,22529,"Beef Pot Pie, frozen entree, prepared",,
BEEFPOTROAST,protein,,,,,,13373,"Beef, chuck, arm pot roast, separable lean and fat, trimmed to 0"" fat, all grades, cooked, braised",COMPOUND_MATCH,10
BEEFRIBEYESTEAK,protein,,,,,,23266,"Beef, ribeye cap steak, boneless, separable lean only, trimmed to 0"" fat, all grades, cooked, grilled",DESC_CONTAINS,5
BEEFRIBS,protein,,,,,,23430,"Beef, New Zealand, imported, ribs prepared, cooked, fast roasted",DESC_CONTAINS,2
BEEFROASTBEEF,protein,,,,,,7043,"Roast beef, deli style, prepackaged, sliced",KEYWORD_EXACT,7
BEEFROUNDROASTTOP,protein,,,,,,23348,"Beef, round, top round roast, boneless, separable lean and fat, trimmed to 0"" fat, all grades, cooked, roasted",,
BEEFROUNDSTEAK,protein,,,,,,13491,"Beef, round, top round steak, boneless, separable lean only, trimmed to 0"" fat, all grades, cooked, grilled",COMPOUND_MATCH,10
BEEFSALAMI,protein,prepared,,,,,7068,"Salami, cooked, beef",KEYWORD_EXACT,12
BEEFSAUSAGEBEEF,protein,prepared,,,,,7956,"Beef sausage, fresh, cooked",,
BEEFSHORTRIB,protein,,,,,,13148,"Beef, rib, shortribs, separable lean and fat, choice, cooked, braised",DESC_CONTAINS,4
BEEFSIRLOINROAST,protein,,,,,,23259,"Beef, loin, top sirloin petite roast, boneless, separable lean only, trimmed to 0"" fat, all grades, cooked, roasted",,
BEEFSIRLOINSTEAK,protein,,,,,,13930,"Beef, top sirloin, steak, separable lean and fat, trimmed to 1/8"" fat, all grades, cooked, broiled",DESC_CONTAINS,5
BEEFSKIRTSTEAK,protein,,,,,,23214,"Beef, plate steak, boneless, inside skirt, separable lean and fat, trimmed to 0"" fat, all grades, cooked, grilled",,
BEEFSTEW,protein,,,,,,22905,"Beef stew, canned entree",COMPOUND_MATCH,2
BEEFSTRIPSTEAK,protein,,,,,,13000,"Beef, grass-fed, strip steaks, lean only, raw",COMPOUND_MATCH,1
BEEFTENDERLOIN,protein,,,,,,23600,"Beef, tenderloin, steak, separable lean only, trimmed to 1/8"" fat, all grades, cooked, broiled",,
BEEFTONGUE,protein,,,,,,13340,"Beef, variety meats and by-products, tongue, cooked, simmered",DESC_CONTAINS,5
BEEFTRIPE,protein,,,,,,23444,"Beef, New Zealand, imported, variety meats and by-products, tripe cooked, boiled",DESC_CONTAINS,5
BEEFTRITIP,protein,,,,,,13953,"Beef, bottom sirloin, tri-tip roast, separable lean and fat, trimmed to 0"" fat, all grades, cooked, roasted",,
BEER,beverage,,,,,,14003,"Alcoholic beverage, beer, regular, all",PREFERRED,1
BEERWURST,protein,,,,,,7002,"Beerwurst, beer salami, pork and beef",DESC_STARTS,3
BEET,vegetable,,,,,,11080,"Beets, raw",DESC_STARTS,11
BEETCOOKED,vegetable,,,,,,11081,"Beets, cooked, boiled, drained",,
BEETPICKLED,vegetable,,,,,,11609,"Beets, pickled, canned, solids and liquids",,
BISCUIT,prepared,,,,,,18015,"Biscuits, plain or buttermilk, refrigerated dough, higher fat, baked",KEYWORD_EXACT,14
BISON,protein,,,,,,17149,"Bison, ground, grass-fed, raw",KEYWORD_EXACT,7
BLACKBEAN,legume,,,,,,16015,"Beans, black, mature seeds, cooked, boiled, without salt",COMPOUND_MATCH,1
BLACKBERRY,fruit,,,,,,9042,"Blackberries, raw",DESC_STARTS,1
BLACKEYEPEA,legume,,,,,,11192,"Cowpeas (blackeyes), immature seeds, cooked, boiled, drained, without salt",,
BLACKFISH,protein,,,,,,35016,"Fish, blackfish, whole (Alaska Native)",DESC_CONTAINS,1
BLUEBERRIES,fruit,,,,,,9050,"Blueberries, raw",DESC_CONTAINS,5
BLUECHEESE,,,,,,,1004,"Cheese, blue",,
BLUECORN,prepared,,,,,,35130,"Mush, blue corn with ash (Navajo)",COMPOUND_MATCH,4
BLUEFISH,protein,,,,,,15189,"Fish, bluefish, cooked, dry heat",DESC_CONTAINS,2
BOAR,protein,,,,,,17159,"Game meat, boar, wild, cooked, roasted",DESC_CONTAINS,2
BOCKWURST,protein,,,,,,7006,"Bockwurst, pork, veal, raw",KEYWORD_EXACT,1
BOKCHOY,vegetable,,,,,,11116,"Cabbage, chinese (pak-choi), raw",COMPOUND_MATCH,6
BOLOGNA,protein,,,,,,7007,"Bologna, beef",KEYWORD_EXACT,13
BORAGE,vegetable,,,,,,11614,"Borage, cooked, boiled, drained, without salt",KEYWORD_EXACT,3
BOYSENBERRIES,fruit,,,,,,9057,"Boysenberries, frozen, unsweetened",PREFERRED,1
BRATWURST,protein,,,,,,7013,"Bratwurst, pork, cooked",DESC_STARTS,5
BRAUNSCHWEIGER,protein,,,,,,7014,"Braunschweiger (a liver sausage), pork",DESC_STARTS,2
BREADCHEESE,dairy,,,,,,18972,"Bread, cheese",COMPOUND_MATCH,8
BREADFRUIT,fruit,,,,,,9059,"Breadfruit, raw",KEYWORD_EXACT,4
BREADRICEBRAN,grain,prepared,,,,,18059,"Bread, rice bran",,
BREADRYE,prepared,,,,,,18060,"Bread, rye",,
BREADWHITE,prepared,,,,,,18967,"Bread, white wheat",PREFERRED,1
BREADWHOLE,prepared,,,,,,18075,"Bread, whole-wheat, commercially prepared",,
BRICKCHEESE,dairy,,,,,,1005,"Cheese, brick",DESC_CONTAINS,1
BRIECHEESE,dairy,,,,,,1006,"Cheese, brie",DESC_CONTAINS,1
BROADBEAN,legume,,,,,,16053,"Broadbeans (fava beans), mature seeds, cooked, boiled, without salt",,
BROCCOLI,vegetable,,,,,,11090,"Broccoli, raw",PREFERRED,1
BROCCOLICOOKED,vegetable,,,,,,11091,"Broccoli, cooked, boiled, drained, without salt",,
BROCCOLIRAAB,vegetable,,,,,,11097,"Broccoli raab, cooked",,
BROTWURST,protein,,,,,,7015,"Brotwurst, pork, beef, link",DESC_STARTS,1
BRUSSELSPROUTS,vegetable,,,,,,11099,"Brussels sprouts, cooked, boiled, drained, without salt",PREFERRED,1
BUCKWHEAT,grain,,,,,,20011,"Buckwheat flour, whole-groat",KEYWORD_EXACT,7
BUCKWHEATCOOKED,grain,,,,,,2000,"Buckwheat groats, roasted, cooked",,
BUFFALO,protein,,,,,,17161,"Game meat, buffalo, water, cooked, roasted",KEYWORD_EXACT,5
BULGUR,grain,,,,,,20013,"Bulgur, cooked",DESC_STARTS,2
BURDOCK,vegetable,,,,,,11105,"Burdock root, cooked, boiled, drained, without salt",KEYWORD_EXACT,3
BURRITO,prepared,,,,,,22928,"Burrito, beef and bean, microwaved",KEYWORD_EXACT,8
BURRITOBEANCHEESE,prepared,,,,,,21061,"Fast foods, burrito, with beans and cheese",,
BURRITOBEANCHEESEBEEF,prepared,,,,,,21064,"Fast foods, burrito, with beans, cheese, and beef",,
BURRITOBEANS,prepared,,,,,,21060,"Fast foods, burrito, with beans",,
BUTTERBUR,vegetable,,,,,,11107,"Butterbur, cooked, boiled, drained, without salt",KEYWORD_EXACT,4
BUTTERFISH,protein,,,,,,15191,"Fish, butterfish, cooked, dry heat",DESC_CONTAINS,2
BUTTERMILK,dairy,beverage,,,,,1230,"Milk, buttermilk, fluid, whole",KEYWORD_EXACT,6
BUTTERSALTED,dairy,fats,spice,Made from cream,High in saturated fat,,1001,"Butter, salted",PREFERRED,1
BUTTERSCOTCH,prepared,,,,,,19364,"Toppings, butterscotch or caramel",DESC_CONTAINS,3
BUTTERUNSALTED,dairy,,,,,,1145,"Butter, without salt",,
BUTTERWHIP,fats,spice,dairy,,,,1002,"Butter, whipped, with salt",,
CABBAGE,vegetable,,,,,,11109,"Cabbage, raw",KEYWORD_EXACT,10
CABBAGECOOKED,vegetable,,,,,,11110,"Cabbage, cooked, boiled, drained, without salt",,
CAESARDRESSING,spice,,,,,,43015,"Salad dressing, caesar dressing, regular",,
CAKEANGELFOOD,prepared,,,,,,18086,"Cake, angelfood, commercially prepared",,
CAKECHEESECAKE,prepared,,,,,,18147,Cheesecake commercially prepared,,
CAKECHOCOLATE,prepared,,,,,,18101,"Cake, chocolate, prepared from recipe without frosting",,
CAKECHOCOLATEFROSTING,prepared,,,,,,18096,"Cake, chocolate, commercially prepared with chocolate frosting, in-store bakery",,
CAKECOFFEECAKE,prepared,,,,,,18104,"Coffeecake, cinnamon with crumb topping, commercially prepared, enriched",,
CAKEFRUITCAKE,prepared,,,,,,18110,"Cake, fruitcake, commercially prepared",,
CAKEGINGERBREAD,prepared,,,,,,18116,"Cake, gingerbread, prepared from recipe",,
CAKEPINEAPPLE,prepared,,,,,,18119,"Cake, pineapple upside-down, prepared from recipe",,
CAKEPOUND,prepared,,,,,,18120,"Cake, pound, commercially prepared, butter (includes fresh and frozen)",,
CAKESHORTCAKE,prepared,,,,,,18126,"Cake, shortcake, biscuit-type, prepared from recipe",,
CAKESPONGE,prepared,,,,,,18134,"Cake, sponge, prepared from recipe",,
CAKEWHITE,prepared,,,,,,18139,"Cake, white, prepared from recipe without frosting",DESC_STARTS,15
CAKEWHITECOCONUTFROSTING,prepared,,,,,,18102,"Cake, white, prepared from recipe with coconut frosting",,
CAKEYELLOWCHOCOLATEFROSTING,prepared,,,,,,18140,"Cake, yellow, commercially prepared, with chocolate frosting, in-store bakery",,
CAKEYELLOWFROSTING,prepared,,,,,,18141,"Cake, yellow, prepared from recipe without frosting",,
CAMEMBERT,dairy,,,,,,1007,"Cheese, camembert",DESC_CONTAINS,1
CANOLA,fats,,,,,,4582,"Oil, canola",DESC_CONTAINS,5
CANTALOUPE,fruit,,,,,,9181,"Melons, cantaloupe, raw",DESC_CONTAINS,1
CAPER,spice,,,,,,2054,"Capers, canned",DESC_STARTS,1
CARAMBOLA,fruit,,,,,,9060,"Carambola, (starfruit), raw",,
CARAMEL,prepared,,,,,,19074,"Candies, caramels",DESC_CONTAINS,5
CARAWAY,spice,,,,,,2005,"Spices, caraway seed",DESC_CONTAINS,2
CARAWAYCHEESE,dairy,,,,,,1008,"Cheese, caraway",,
CARBONATED,beverage,,,,,,14121,"Beverages, Carbonated beverage, club soda",DESC_STARTS,8
CARDAMOM,spice,,,,,,2006,"Spices, cardamom",DESC_CONTAINS,1
CARDOON,vegetable,,,,,,11123,"Cardoon, cooked, boiled, drained, without salt",KEYWORD_EXACT,3
CARIBOU,protein,,,,,,17183,"Game meat, caribou, cooked, roasted",KEYWORD_EXACT,11
CARISSA,fruit,,,,,,9061,"Carissa, (natal-plum), raw",KEYWORD_EXACT,1
CAROB,nuts,,,,,,16055,Carob flour,,
CAROBMILK,beverage,,,,,,14169,"Beverages, Carob-flavor beverage mix, powder, prepared with whole milk",KEYWORD_EXACT,4
CARP,protein,,,,,,15009,"Fish, carp, cooked, dry heat",DESC_CONTAINS,2
CARROT,vegetable,,,,,,11124,"Carrots, raw",PREFERRED,1
CARROTCOOKED,vegetable,,,,,,11125,"Carrots, cooked, boiled, drained, without salt",,
CARROTJUICE,beverage,,,,,,11655,"Carrot juice, canned",,
CASEIN,dairy,,,,,,1068,"Cream substitute, liquid, with lauric acid oil and sodium caseinate",PREFERRED,1
CASHEW,nuts,,,,,,12085,"Nuts, cashew nuts, dry roasted, without salt added",DESC_CONTAINS,5
CASHEWBUTTER,nuts,,,,,,12088,"Nuts, cashew butter, plain, without salt added",COMPOUND_MATCH,2
CASSAVA,vegetable,,,,,,11134,"Cassava, raw",KEYWORD_EXACT,1
CATFISH,protein,,,,,,15011,"Fish, catfish, channel, cooked, breaded and fried",DESC_CONTAINS,5
CATSUP,spice,,,,,,11935,Catsup,,
CATTAIL,vegetable,,,,,,35195,"Cattail, Narrow Leaf Shoots (Northern Plains Indians)",KEYWORD_EXACT,1
CAULIFLOWER,vegetable,,,,,,11135,"Cauliflower, raw",,
CAULIFLOWERCOOKED,vegetable,,,,,,11136,"Cauliflower, cooked, boiled, drained, without salt",KEYWORD_EXACT,9
CAYENNE,spice,,,,,,2031,"Spices, pepper, red or cayenne",PREFERRED,1
CEERALGRAHMS,grain,prepared,,,,,8035,"Cereals ready-to-eat, GENERAL MILLS, GOLDEN GRAHAMS",,
CELERIAC,vegetable,,,,,,11142,"Celeriac, cooked, boiled, drained, without salt",KEYWORD_EXACT,3
CELERY,vegetable,,,,,,11143,"Celery, raw",KEYWORD_EXACT,5
CELERYSEED,nuts,,,,,,2007,"Spices, celery seed",COMPOUND_MATCH,1
CELTUCE,vegetable,,,,,,11145,"Celtuce, raw",KEYWORD_EXACT,1
CEREALCAPN,grain,prepared,,,,,8010,"Cereals ready-to-eat, QUAKER, CAP'N CRUNCH",,
CEREALCHARMS,grain,prepared,,,,,8050,"Cereals ready-to-eat, GENERAL MILLS, LUCKY CHARMS",,
CEREALCHERRIOS,grain,prepared,,,,,8013,"Cereals ready-to-eat, GENERAL MILLS, CHEERIOS",,
CEREALCORN,grain,prepared,,,,,8020,"Cereals ready-to-eat, KELLOGG, KELLOGG'S Corn Flakes",,
CEREALCRUNCH,grain,prepared,,,,,8272,"Cereals ready-to-eat, GENERAL MILLS, CINNAMON TOAST CRUNCH",,
CEREALFROSTED,grain,prepared,,,,,8069,"Cereals ready-to-eat, KELLOGG, KELLOGG'S FROSTED FLAKES",,
CEREALHONEY,grain,prepared,,,,,8045,"Cereals ready-to-eat, GENERAL MILLS, HONEY NUT CHEERIOS",,
CEREALLOOPS,grain,prepared,,,,,8030,"Cereals ready-to-eat, KELLOGG, KELLOGG'S FROOT LOOPS",,
CEREALOATS,grain,prepared,,,,,8180,"Cereals, oats, regular and quick and instant, unenriched, cooked with water (includes boiling and microwaving), with salt",,
CEREALPUFFS,grain,prepared,,,,,8271,"Cereals ready-to-eat, GENERAL MILLS, COCOA PUFFS",,
CEREALRAISIN,grain,prepared,,,,,8060,"Cereals ready-to-eat, KELLOGG, KELLOGG'S RAISIN BRAN",,
CEREALRICE,grain,prepared,,,,,8065,"Cereals ready-to-eat, KELLOGG, KELLOGG'S RICE KRISPIES",,
CEREALRICECREAM,grain,,,,,,8168,"Cereals, CREAM OF RICE, cooked with water, with salt",,
CEREALTRIX,grain,prepared,,,,,8078,"Cereals ready-to-eat, GENERAL MILLS, TRIX",,
CHANTERELLE,vegetable,,,,,,11239,"Mushrooms, Chanterelle, raw",,
CHARD,vegetable,,,,,,11148,"Chard, swiss, cooked, boiled, drained, without salt",KEYWORD_EXACT,4
CHAYOTE,fruit,,,,,,11150,"Chayote, fruit, cooked, boiled, drained, without salt",KEYWORD_EXACT,3
CHEDDAR,dairy,,,,,,1009,"Cheese, cheddar",DESC_CONTAINS,5
CHEESEBURGER,prepared,,,,,,21091,"Fast foods, cheeseburger; single, regular patty, with condiments and vegetables",,
CHEESEFURTER,protein,prepared,,,,,7016,"Cheesefurter, cheese smokie, pork, beef",,
CHERIMOYA,fruit,,,,,,9062,"Cherimoya, raw",KEYWORD_EXACT,1
CHERRIES,fruit,,,,,,9070,"Cherries, sweet, raw",DESC_CONTAINS,5
CHERRYFRIEDPIE,prepared,,,,,,18444,"Pie, fried pies, cherry",,
CHERVIL,spice,,,,,,2008,"Spices, chervil, dried",DESC_CONTAINS,1
CHESHIRE,dairy,,,,,,1010,"Cheese, cheshire",DESC_CONTAINS,1
CHESTNUT,nuts,,,,,,12096,"Nuts, chestnuts, chinese, roasted",DESC_CONTAINS,5
CHIA,nuts,,,,,,12006,"Seeds, chia seeds, dried",DESC_CONTAINS,1
CHICKENBREAST,protein,,,,,,5064,"Chicken, broilers or fryers, breast, meat only, cooked, roasted",PREFERRED,1
CHICKENBROILERS,protein,,,,,,5013,"Chicken, broilers or fryers, meat only, roasted",DESC_CONTAINS,5
CHICKENDRUMSTICK,protein,,,,,,5069,"Chicken, broilers or fryers, drumstick, meat and skin, cooked, roasted",,
CHICKENGIZZARD,protein,,,,,,5024,"Chicken, gizzard, all classes, cooked, simmered",DESC_CONTAINS,4
CHICKENLEG,protein,,,,,,5078,"Chicken, broilers or fryers, leg, meat and skin, cooked, roasted",,
CHICKENLIVERPATE,protein,,,,,,7053,"Pate, chicken liver, canned",,
CHICKENPOTPIE,prepared,,,,,,22906,"Chicken pot pie, frozen entree, prepared",,
CHICKENTENDERS,protein,,,,,,21401,"Fast foods, chicken tenders",COMPOUND_MATCH,5
CHICKENTHIGH,protein,,,,,,5094,"Chicken, broilers or fryers, thigh, meat and skin, cooked, roasted",,
CHICKENWING,protein,,,,,,5103,"Chicken, broilers or fryers, wing, meat and skin, cooked, roasted",,
CHICKPEA,legume,protein,,A legume,Excellent protein source,,16057,"Chickpeas (garbanzo beans, bengal gram), mature seeds, cooked, boiled, without salt",DESC_STARTS,8
CHICORY,vegetable,,,,,,11154,"Chicory roots, raw",KEYWORD_EXACT,4
CHILCHEN,protein,,,,,,35133,Chilchen (Red Berry Beverage) (Navajo),KEYWORD_EXACT,1
CHILI,prepared,protein,,,,,22911,"Chili, no beans, canned entree",KEYWORD_EXACT,9
CHILIBEANS,prepared,protein,,,,,16059,"Chili with beans, canned",,
CHILIDOG,prepared,,,,,,21119,"Fast foods, hotdog, with chili",,
CHINOOK,protein,,,,,,15210,"Fish, salmon, chinook, cooked, dry heat",,
CHIPSCASSAVA,prepared,,,,,,25050,"Snacks, yucca (cassava) chips, salted",,
CHIPSCORNRANCH,grain,,,,,,19058,"Snacks, tortilla chips, ranch-flavor",,
CHIPSCORNUNSALTED,grain,,,,,,43364,"Snacks, tortilla chips, unsalted, white corn",,
CHIPSPITA,prepared,,,,,,25037,"Snacks, pita chips, salted",,
CHIPSPLANTAIN,fruit,,,,,,25027,"Snacks, plantain chips, salted",,
CHIPSPOTATOBBQ,vegetable,,,,,,19042,"Snacks, potato chips, barbecue-flavor",,
CHIPSPOTATOSOUR,vegetable,,,,,,19043,"Snacks, potato chips, sour-cream-and-onion-flavor",,
CHIPSSWEETPOTATO,vegetable,,,,,,25012,"Snacks, sweet potato chips, unsalted",,
CHIPSTARO,vegetable,,,,,,19524,"Snacks, taro chips",,
CHIPSVEGGIE,vegetable,,,,,,25040,"Snacks, vegetable chips, made from garden vegetables",,
CHITON,protein,,,,,,35026,"Chiton, leathery, gumboots (Alaska Native)",KEYWORD_EXACT,1
CHIVE,spice,,,,,,11156,"Chives, raw",DESC_STARTS,2
CHOC45,spice,,,,,,19902,"Chocolate, dark, 45- 59% cacao solids",,
CHOC60,spice,,,,,,19903,"Chocolate, dark, 60-69% cacao solids",,
CHOC70,spice,,,,,,19904,"Chocolate, dark, 70-85% cacao solids",,
CHOCBAKING,spice,,,,,,19078,"Baking chocolate, unsweetened, squares",,
CHOCBEVSODA,beverage,,,,,,14552,"Carbonated beverage, chocolate-flavored soda",,
CHOCFUDGE,prepared,,,,,,19100,"Candies, fudge, chocolate, prepared-from-recipe",,
CHOCFUDGENUTS,prepared,,,,,,19101,"Candies, fudge, chocolate, with nuts, prepared-from-recipe",,
CHOCHOT,beverage,,,,,,1105,"Milk, chocolate beverage, hot cocoa, homemade",,
CHOCMILKCANDY,prepared,,,,,,19120,"Candies, milk chocolate",,
CHOCOLATE,spice,,,,,,19077,"Baking chocolate, unsweetened, liquid",KEYWORD_EXACT,15
CHOCOLATEMILK,beverage,,,,,,14177,"Chocolate-flavor beverage mix, powder, prepared with whole milk",,
CHOCOLATESYRUP,spice,,,,,,14181,Chocolate syrup,,
CHOCWHITE,prepared,,,,,,19087,"Candies, white chocolate",,
CHOKECHERRIES,fruit,,,,,,35179,"Chokecherries, raw, pitted (Shoshone Bannock)",COMPOUND_MATCH,2
CHORIZO,protein,,,,,,7019,"Chorizo, pork and beef",KEYWORD_EXACT,1
CHRYSANTHEMUM,vegetable,,,,,,11158,"Chrysanthemum, garland, cooked, boiled, drained, without salt",KEYWORD_EXACT,4
CHUCKROAST,protein,,,,,,13816,"Beef, chuck, blade roast, separable lean and fat, trimmed to 1/8"" fat, all grades, cooked, braised",COMPOUND_MATCH,10
CHUM,protein,,,,,,15211,"Fish, salmon, chum, cooked, dry heat",DESC_CONTAINS,5
CILANTRO,spice,,,,,,11165,"Coriander (cilantro) leaves, raw",,
CINNAMON,spice,,,,,,2010,"Spices, cinnamon, ground",DESC_STARTS,6
CINNAMONROLL,prepared,,,,,,18358,"Sweet rolls, cinnamon, refrigerated dough with frosting, baked",,
CISCO,protein,,,,,,15014,"Fish, cisco, smoked",DESC_CONTAINS,2
CITRUS,fruit,,,,,,14262,"Citrus fruit juice drink, frozen concentrate",DESC_STARTS,6
CLAM,protein,,,,,,15159,"Mollusks, clam, mixed species, cooked, moist heat",DESC_CONTAINS,5
CLEMENTINE,fruit,,,,,,9433,"Clementines, raw",DESC_STARTS,1
CLOUDBERRY,fruit,,,,,,35027,"Cloudberries, raw (Alaska Native)",COMPOUND_MATCH,1
CLOVE,spice,,,,,,2011,"Spices, cloves, ground",COMPOUND_MATCH,1
CLUBSANDWICH,prepared,,,,,,21152,"SUBWAY, SUBWAY CLUB sub on white bread with lettuce and tomato",,
COCOA,spice,beverage,,,,,14194,"Beverages, Cocoa mix, powder, prepared with water",KEYWORD_EXACT,17
COCOABUTTER,fats,,,,,,4501,"Oil, cocoa butter",COMPOUND_MATCH,2
COCONUT,fruit,nuts,fats,Botanically a drupe (fruit),Often grouped with nuts,High in saturated fat,4047,"Oil, coconut",DESC_CONTAINS,5
COCONUTMILK,beverage,,,,,,12117,"Nuts, coconut milk, raw (liquid expressed from grated meat and water)",COMPOUND_MATCH,4
COD,,,,,,,15016,"Fish, cod, Atlantic, cooked, dry heat",,
COFFEE,beverage,,,,,,14209,"Coffee, brewed, prepared with tap water",PREFERRED,1
COHO,protein,,,,,,15082,"Fish, salmon, coho, wild, cooked, moist heat",DESC_CONTAINS,5
COLA,beverage,,,,,,14148,"Beverages, carbonated, cola, regular",KEYWORD_EXACT,6
COLBY,dairy,,,,,,1011,"Cheese, colby",DESC_CONTAINS,2
COLESLAW,vegetable,prepared,,,,,21127,"Fast foods, coleslaw",DESC_CONTAINS,5
COLLARD,vegetable,,,,,,11162,"Collards, cooked, boiled, drained, without salt",KEYWORD_EXACT,6
CONCH,protein,,,,,,15250,"Mollusks, conch, baked or broiled",DESC_CONTAINS,1
COOKIESANIMAL,prepared,,,,,,28043,"KEEBLER, ANIMALS, Cookies",,
COOKIESANIMALFROSTED,prepared,,,,,,28291,"Cookies, animal, with frosting or icing",,
COOKIESBROWNIES,prepared,,,,,,18154,"Cookies, brownies, prepared from recipe",,
COOKIESBUTTER,prepared,,,,,,18155,"Cookies, butter, commercially prepared, enriched",,
COOKIESCHOCOLATECHIP,prepared,,,,,,18164,"Cookies, chocolate chip, refrigerated dough, baked",,
COOKIESCHOCOLATESANDWICH,prepared,,,,,,18166,"Cookies, chocolate sandwich, with creme filling, regular",,
COOKIESFIGBAR,prepared,,,,,,18170,"Cookies, fig bars",,
COOKIESFORTUNE,prepared,,,,,,18171,"Cookies, fortune",,
COOKIESGINGERSNAP,prepared,,,,,,18172,"Cookies, gingersnaps",,
COOKIESGIRLSCOUTSCARAMEL,prepared,,,,,,28029,"GIRL SCOUTS, Caramel Dulce De Leche Cookies",,
COOKIESGIRLSCOUTSCHALET,prepared,,,,,,28030,"GIRL SCOUTS, Chalet Cookies",,
COOKIESGIRLSCOUTSDOSIDOS,prepared,,,,,,28031,"GIRL SCOUTS, Do-si-dos Cookies",,
COOKIESGIRLSCOUTSSAMOSAS,prepared,,,,,,28032,"GIRL SCOUTS, Samoas Cookies",,
COOKIESGIRLSCOUTSTAGALONGS,prepared,,,,,,28033,"GIRL SCOUTS, Tagalongs Cookies",,
COOKIESGIRLSCOUTSTHANKU,prepared,,,,,,28034,"GIRL SCOUTS, Thank U Berry Munch Cookies",,
COOKIESGIRLSCOUTSTHINMINTS,prepared,,,,,,28035,"GIRL SCOUTS, Thin Mints Cookies",,
COOKIESGIRLSCOUTSTREFOILS,prepared,,,,,,28036,"GIRL SCOUTS, Trefoils Cookies",,
COOKIESGLUTINOCHOCOLATECREME,prepared,,,,,,28356,"GLUTINO, Gluten Free Cookies, Chocolate Vanilla Creme",,
COOKIESGLUTIONVANILLACREME,prepared,,,,,,28357,"GLUTINO, Gluten Free Cookies, Vanilla Creme",,
COOKIESGRAHAM,prepared,,,,,,18173,"Cookies, graham crackers, plain or honey (includes cinnamon)",,
COOKIESMACAROON,prepared,,,,,,28309,"Cookies, coconut macaroon",DESC_CONTAINS,1
COOKIESMARIEBISCUIT,prepared,,,,,,28351,"Cookies, Marie biscuit",,
COOKIESMOLASSES,prepared,,,,,,18177,"Cookies, molasses",,
COOKIESOATMEAL,prepared,,,,,,18183,"Cookies, oatmeal, refrigerated dough, baked",,
COOKIESOATMEALICED,prepared,,,,,,28203,"MOTHER'S, Iced Oatmeal Cookies",,
COOKIESOATMEALRAISIN,prepared,,,,,,18184,"Cookies, oatmeal, prepared from recipe, with raisins",,
COOKIESOATMEALSANDWICH,prepared,,,,,,28300,"Cookies, oatmeal sandwich, with creme filling",,
COOKIESPEANUTBUTTER,prepared,,,,,,18188,"Cookies, peanut butter, refrigerated dough, baked",,
COOKIESSHORTBREAD,prepared,,,,,,18192,"Cookies, shortbread, commercially prepared, plain",,
COOKIESSUGAR,prepared,,,,,,18208,"Cookies, sugar, prepared from recipe, made with margarine",,
COOKIESVANILLASANDWICH,prepared,,,,,,18210,"Cookies, vanilla sandwich with creme filling",,
COOKIESVANILLAWAFER,prepared,,,,,,18213,"Cookies, vanilla wafers, higher fat",,
CORIANDER,spice,,,,,,11165,"Coriander (cilantro) leaves, raw",DESC_CONTAINS,1
CORN,vegetable,grain,,Used as a vegetable,Botanically a grain,,11168,"Corn, sweet, yellow, cooked, boiled, drained, without salt",PREFERRED,1
CORNBREAD,prepared,,,,,,18024,"Bread, cornbread, prepared from recipe, made with low fat (2%) milk",DESC_CONTAINS,5
CORNDOG,prepared,,,,,,21120,"Fast foods, hotdog, with corn flour coating (corndog)",PREFERRED,1
CORNISH,protein,,,,,,5308,"Chicken, cornish game hens, meat and skin, cooked, roasted",DESC_CONTAINS,4
CORNMEAL,grain,,,,,,20020,"Cornmeal, whole-grain, yellow",KEYWORD_EXACT,10
CORNSALAD,vegetable,,,,,,11190,"Cornsalad, raw",KEYWORD_EXACT,1
CORNSTARCH,spice,,,,,,20027,Cornstarch,KEYWORD_EXACT,1
COTTAGE,dairy,,,,,,1012,"Cheese, cottage, creamed, large or small curd",DESC_CONTAINS,5
COTTAGE2,dairy,,,,,,1015,"Cheese, cottage, lowfat, 2% milkfat",,
COTTONSEED,fats,,,,,,4502,"Oil, cottonseed, salad or cooking",DESC_CONTAINS,5
COUSCOUS,grain,,,,,,20029,"Couscous, cooked",KEYWORD_EXACT,2
COWPEA,legume,,,,,,16063,"Cowpeas, common (blackeyes, crowder, southern), mature seeds, cooked, boiled, without salt",DESC_STARTS,10
CRAB,protein,,,,,,15140,"Crustaceans, crab, blue, cooked, moist heat",DESC_STARTS,6
CRABAPPLE,fruit,,,,,,9077,"Crabapples, raw",DESC_STARTS,1
CRACKERCHEESE,grain,prepared,,,,,18214,"Crackers, cheese, regular",,
CRACKERMATZO,grain,prepared,,,,,18217,"Crackers, matzo, plain",,
CRACKERMEAL,grain,,,,,,18236,Cracker meal,KEYWORD_EXACT,25
CRACKERMELBA,grain,,,,,,18220,"Crackers, melba toast, plain",,
CRACKERMULTI,grain,prepared,,,,,28292,"Crackers, multigrain",,
CRACKERRICEBROWN,grain,,,,,,19051,"Snacks, rice cracker brown rice, plain",,
CRACKERRUSK,grain,,,,,,18224,"Crackers, rusk toast",,
CRACKERRYE,grain,,,,,,18226,"Crackers, rye, wafers, plain",,
CRACKERSALTINES,grain,,,,,,18228,"Crackers, saltines (includes oyster, soda, soup)",,
CRACKERWHEAT,grain,prepared,,,,,18232,"Crackers, wheat, regular",,
CRACKERWHOLE,grain,prepared,,,,,18235,"Crackers, whole-wheat",,
CRANBERRY,fruit,,,,,,35030,"Cranberry, low bush or lingenberry, raw (Alaska Native)",KEYWORD_EXACT,16
CRANBERRYJUICE,beverage,,,,,,14284,"Beverages, Cranberry juice cocktail",,
CRANBERRYSAUCE,spice,,,,,,9081,"Cranberry sauce, canned, sweetened",,
CRAYFISH,protein,,,,,,15146,"Crustaceans, crayfish, mixed species, wild, cooked, moist heat",,
CREAM,dairy,,,,,,1053,"Cream, fluid, heavy whipping",,
CREAMCHEESE,dairy,,,,,,1017,"Cheese, cream",,
CREAMOFTARTAR,spice,,,,,,18373,"Leavening agents, cream of tartar",,
CREAMOFWHEAT,grain,prepared,,,,,8103,"Cereals, CREAM OF WHEAT, regular (10 minute), cooked with water, without salt",,
CROAKER,protein,,,,,,15021,"Fish, croaker, Atlantic, cooked, breaded and fried",DESC_CONTAINS,2
CROISSANT,prepared,,,,,,18239,"Croissants, butter",DESC_STARTS,8
CROOKNECK,vegetable,,,,,,11468,"Squash, summer, crookneck and straightneck, cooked, boiled, drained, without salt",DESC_CONTAINS,5
CROUTON,grain,,,,,,18242,"Croutons, plain",DESC_STARTS,2
CUCUMBER,vegetable,fruit,,Botanically a fruit,Eaten as a vegetable,,11206,"Cucumber, peeled, raw",KEYWORD_EXACT,7
CUMIN,spice,,,,,,2014,"Spices, cumin seed",DESC_CONTAINS,1
CURED,protein,,,,,,10879,"Pork, cured, ham -- water added, whole, boneless, separable lean only, heated, roasted",DESC_CONTAINS,5
CURRANT,fruit,,,,,,9083,"Currants, european black, raw",DESC_STARTS,3
CURRY,spice,,,,,,2015,"Spices, curry powder",DESC_CONTAINS,1
CUSK,protein,,,,,,15193,"Fish, cusk, cooked, dry heat",DESC_CONTAINS,2
CUSTARD,prepared,,,,,,19170,"Egg custards, dry mix, prepared with whole milk",KEYWORD_EXACT,4
CUTTLEFISH,protein,,,,,,15229,"Mollusks, cuttlefish, mixed species, cooked, moist heat",DESC_CONTAINS,2
DAIQUIRI,beverage,,,,,,14010,"Alcoholic beverage, daiquiri, prepared-from-recipe",,
DANDELION,vegetable,,,,,,11208,"Dandelion greens, cooked, boiled, drained, without salt",KEYWORD_EXACT,3
DANISH,prepared,,,,,,18230,"Danish pastry, cinnamon, unenriched",DESC_STARTS,9
DATE,fruit,,,,,,9087,"Dates, deglet noor",DESC_STARTS,5
DEER,protein,,,,,,17165,"Game meat, deer, cooked, roasted",KEYWORD_EXACT,6
DEVILFISH,protein,,,,,,35034,"Fish, devilfish, meat (Alaska Native)",DESC_CONTAINS,1
DILL,spice,,,,,,2045,"Dill weed, fresh",KEYWORD_EXACT,5
DINNERROLL,prepared,,,,,,18347,"Rolls, dinner, wheat",,
DIPQUESO,prepared,,,,,,27052,"Dip, salsa con queso, cheese and salsa- medium",,
DIVINITY,prepared,,,,,,19384,"Candies, divinity, prepared-from-recipe",DESC_CONTAINS,1
DOCK,vegetable,,,,,,11617,"Dock, cooked, boiled, drained, without salt",,
DONUT,prepared,,,,,,18250,"Doughnuts, cake-type, plain, sugared or glazed",,
DOUGHNUTCAKE,prepared,,,,,,18248,"Doughnuts, cake-type, plain (includes unsugared, old-fashioned)",,
DOUGHNUTYEAST,prepared,,,,,,18436,"Doughnuts, yeast-leavened, glazed, unenriched (includes honey buns)",,
DRESSINGBLUE,spice,,,,,,4539,"Salad dressing, blue or roquefort cheese dressing, commercial, regular",,
DRESSINGBUTTERMILK,spice,,,,,,43215,"Salad dressing, buttermilk, lite",,
DRESSINGCAESAR,spice,,,,,,43015,"Salad dressing, caesar dressing, regular",,
DRESSINGFRENCH,spice,,,,,,4120,"Salad dressing, french dressing, commercial, regular",,
DRESSINGGREENGODDESS,spice,,,,,,43017,"Salad dressing, green goddess, regular",,
DRESSINGHONEYMUST,spice,,,,,,4703,"Salad dressing, honey mustard, regular",,
DRESSINGITALIAN,spice,,,,,,4114,"Salad dressing, italian dressing, commercial, regular",,
DRESSINGRANCH,spice,,,,,,4639,"Salad dressing, ranch dressing, regular",,
DRESSINGRUSSIAN,spice,,,,,,4015,"Salad dressing, russian dressing",,
DRESSINGSESAME,spice,,,,,,4016,"Salad dressing, sesame seed dressing, regular",,
DRESSINGTHOUSAND,spice,,,,,,4017,"Salad dressing, thousand island, commercial, regular",,
DRUM,protein,,,,,,15195,"Fish, drum, freshwater, cooked, dry heat",DESC_STARTS,11
DRUMETTE,protein,,,,,,5103,"Chicken, broilers or fryers, wing, meat and skin, cooked, roasted",,
DRUMSTICK,vegetable,,,,,,11223,"Drumstick leaves, cooked, boiled, drained, without salt",KEYWORD_EXACT,11
DRYWHITECHEESE,dairy,,,,,,1227,"Cheese, dry white, queso seco",,
DUCK,protein,,,,,,5140,"Duck, domesticated, meat and skin, cooked, roasted",KEYWORD_EXACT,13
DUCKEGG,protein,,,,,,1138,"Egg, duck, whole, fresh, raw",,
DUMPLING,prepared,,,,,,32025,"Dumpling, potato- or cheese-filled, frozen",KEYWORD_EXACT,2
DURIAN,fruit,,,,,,9422,"Durian, raw or frozen",KEYWORD_EXACT,1
DURUM,grain,,,,,,20076,"Wheat, durum",,
ECLAIR,prepared,,,,,,18969,"Cream puff, eclair, custard or cream filled, iced",DESC_CONTAINS,1
EDAM,dairy,,,,,,1018,"Cheese, edam",DESC_STARTS,3
EDAMAME,legume,,,,,,11212,"Edamame, frozen, prepared",KEYWORD_EXACT,2
EEL,protein,,,,,,15026,"Fish, eel, mixed species, cooked, dry heat",DESC_CONTAINS,2
EGGBOILED,protein,,,,,,1129,"Egg, whole, cooked, hard-boiled",,
EGGFRIED,protein,,,,,,1128,"Egg, whole, cooked, fried",,
EGGNOG,beverage,,,,,,1057,Eggnog,,
EGGOMELET,protein,,,,,,1130,"Egg, whole, cooked, omelet",,
EGGPLANT,vegetable,fruit,,Botanically a berry,Cooked as a vegetable,,11210,"Eggplant, cooked, boiled, drained, without salt",KEYWORD_EXACT,4
EGGPOACHED,protein,,,,,,1131,"Egg, whole, cooked, poached",,
EGGRAW,protein,,,,,,1123,"Egg, whole, raw, fresh",PREFERRED,1
EGGROLL,prepared,,,,,,22955,"Egg rolls, vegetable, frozen, prepared",COMPOUND_MATCH,5
EGGROLLCHICKEN,prepared,,,,,,22954,"Egg rolls, chicken, refrigerated, heated",,
EGGROLLPORK,prepared,,,,,,22953,"Egg rolls, pork, refrigerated, heated",,
EGGSCRAMBLED,protein,,,,,,1132,"Egg, whole, cooked, scrambled",,
EGGWHITE,protein,,,,,,1124,"Egg, white, raw, fresh",,
EGGYOLK,protein,,,,,,1125,"Egg, yolk, raw, fresh",,
ELDERBERRIES,fruit,,,,,,9088,"Elderberries, raw",PREFERRED,1
ELK,protein,,,,,,17167,"Game meat, elk, cooked, roasted",KEYWORD_EXACT,9
EMU,prepared,,,,,,5622,"Emu, ground, cooked, pan-broiled",KEYWORD_EXACT,10
ENCHILADACHEESE,prepared,,,,,,36050,"Restaurant, Mexican, cheese enchilada",,
ENCHILADASAUCE,spice,,,,,,27063,"Sauce, enchilada, red, mild, ready to serve",,
ENDIVE,vegetable,,,,,,11213,"Endive, raw",KEYWORD_EXACT,1
ENOKI,vegetable,,,,,,11950,"Mushrooms, enoki, raw",,
EPAZOTE,spice,,,,,,11984,"Epazote, raw",KEYWORD_EXACT,1
EPPAW,vegetable,,,,,,11618,"Eppaw, raw",KEYWORD_EXACT,1
ESCAROLE,vegetable,,,,,,11214,"Escarole, cooked, boiled, drained, no salt added",KEYWORD_EXACT,1
FALAFEL,prepared,,,,,,16138,"Falafel, home-prepared",KEYWORD_EXACT,1
FARINA,grain,,,,,,8113,"Cereals, farina, enriched, cooked with water, without salt",DESC_CONTAINS,5
FAVABEAN,legume,,,,,,16053,"Broadbeans (fava beans), mature seeds, cooked, boiled, without salt",DESC_STARTS,7
FEIJOA,fruit,,,,,,9334,"Feijoa, raw",KEYWORD_EXACT,1
FENGUGREEK,nuts,,,,,,2019,"Spices, fenugreek seed",COMPOUND_MATCH,1
FENNEL,vegetable,,,,,,11957,"Fennel, bulb, raw",KEYWORD_EXACT,2
FERNFIDDLEHEAD,vegetable,,,,,,11995,"Fiddlehead ferns, raw",COMPOUND_MATCH,2
FETA,dairy,,,,,,1019,"Cheese, feta",DESC_CONTAINS,1
FIG,fruit,,,,,,9094,"Figs, dried, uncooked",DESC_STARTS,8
FILBERT,nuts,,,,,,12120,"Nuts, hazelnuts or filberts",,
FILETMIGNON,protein,,,,,,23600,"Beef, tenderloin, steak, separable lean only, trimmed to 1/8"" fat, all grades, cooked, broiled",DESC_CONTAINS,3
FIREWEED,vegetable,,,,,,11985,"Fireweed, leaves, raw",KEYWORD_EXACT,2
FISHBROTH,prepared,,,,,,6963,Fish broth,,
FISHSTICK,protein,,,,,,15027,"Fish, fish sticks, frozen, prepared",PREFERRED,1
FLAN,prepared,,,,,,19232,"Flan, caramel custard, dry mix, prepared with whole milk",KEYWORD_EXACT,8
FLATFISHRAW,protein,,,,,,15028,"Fish, flatfish (flounder and sole species), raw",,
FLAXSEED,nuts,,,,,,12220,"Seeds, flaxseed",,
FLAXSEEDOIL,fats,,,,,,42231,"Oil, flaxseed, cold pressed",DESC_CONTAINS,3
FLOUNDER,protein,,,,,,15029,"Fish, flatfish (flounder and sole species), cooked, dry heat",,
FOCACCIA,prepared,,,,,,18973,"Focaccia, Italian flatbread, plain",KEYWORD_EXACT,1
FOIEGRAS,protein,,,,,,5282,"Pate de foie gras, canned (goose liver pate), smoked",,
FONDANT,prepared,,,,,,19099,"Candies, fondant, prepared-from-recipe",DESC_CONTAINS,1
FONTINA,dairy,,,,,,1020,"Cheese, fontina",DESC_CONTAINS,1
FORTUNECOOKIE,prepared,,,,,,18171,"Cookies, fortune",DESC_CONTAINS,1
FRANKFURTER,protein,,,,,,7945,"Frankfurter, beef, heated",KEYWORD_EXACT,10
FRENCHBEAN,legume,,,,,,16023,"Beans, french, mature seeds, cooked, boiled, without salt",,
FRENCHBREAD,prepared,,,,,,18029,"Bread, french or vienna (includes sourdough)",COMPOUND_MATCH,3
FRENCHTOAST,prepared,,,,,,18269,"French toast, prepared from recipe, made with low fat (2%) milk",COMPOUND_MATCH,8
FROG,protein,,,,,,80200,"Frog legs, raw",KEYWORD_EXACT,1
FROSTING,prepared,,,,,,19244,"Frostings, vanilla, creamy, dry mix",DESC_STARTS,10
FRUITCOCKTAIL,fruit,,,,,,9097,"Fruit cocktail, (peach and pineapple and pear and grape and cherry), canned, juice pack, solids and liquids",KEYWORD_EXACT,15
FRYBREAD,prepared,grain,,,,,35142,"Frybread, made with lard (Navajo)",KEYWORD_EXACT,2
FRYERS,protein,,,,,,5045,"Chicken, broilers or fryers, dark meat, meat only, cooked, roasted",COMPOUND_MATCH,10
FUDGE,prepared,,,,,,19100,"Candies, fudge, chocolate, prepared-from-recipe",DESC_CONTAINS,5
GARLIC,vegetable,spice,,A bulb vegetable,Used as a flavoring/spice,,11215,"Garlic, raw",PREFERRED,1
GARLICBREAD,prepared,,,,,,18963,"Garlic bread, frozen",COMPOUND_MATCH,1
GEFILTEFISH,protein,,,,,,15030,"Fish, gefiltefish, commercial, sweet recipe",DESC_CONTAINS,1
GELATIN,prepared,,,,,,19177,"Gelatins, dry powder, unsweetened",KEYWORD_EXACT,8
GHEE,dairy,fats,,Clarified butter,Used in cooking,,1003,"Butter oil, anhydrous",PREFERRED,1
GIBLETS,protein,,,,,,5021,"Chicken, broilers or fryers, giblets, cooked, fried",DESC_CONTAINS,5
GINGER,vegetable,spice,,A root vegetable,Widely used as a spice,,11216,"Ginger root, raw",KEYWORD_EXACT,7
GINKGO,nuts,,,,,,12127,"Nuts, ginkgo nuts, raw",DESC_CONTAINS,3
GJETOST,dairy,,,,,,1021,"Cheese, gjetost",DESC_CONTAINS,1
GOAT,protein,,,,,,17169,"Game meat, goat, cooked, roasted",KEYWORD_EXACT,6
GOATCHEESE,dairy,,,,,,1159,"Cheese, goat, soft type",,
GOATMILK,dairy,beverage,,,,,1106,"Milk, goat, fluid, with added vitamin D",COMPOUND_MATCH,1
GOJI,fruit,,,,,,9110,"Goji berries, dried",KEYWORD_EXACT,1
GOOSE,protein,,,,,,5149,"Goose, domesticated, meat only, cooked, roasted",KEYWORD_EXACT,11
GOOSEBERRIES,fruit,,,,,,9107,"Gooseberries, raw",PREFERRED,1
GOOSEEGG,protein,,,,,,1139,"Egg, goose, whole, fresh, raw",,
GOOSELIVER,protein,,,,,,7054,"Pate, goose liver, smoked, canned",,
GOUDA,dairy,,,,,,1022,"Cheese, gouda",DESC_CONTAINS,1
GOURD,vegetable,,,,,,11023,"Balsam-pear (bitter gourd), leafy tips, cooked, boiled, drained, without salt",KEYWORD_EXACT,12
GRAHAM,prepared,,,,,,18173,"Cookies, graham crackers, plain or honey (includes cinnamon)",DESC_CONTAINS,5
GRANOLA,prepared,,,,,,8037,"Cereals ready-to-eat, granola, homemade",KEYWORD_EXACT,6
GRANOLABARPB,prepared,,,,,,19021,"Snacks, granola bars, soft, uncoated, peanut butter",,
GRANOLABARSCHOCCHIP,prepared,,,,,,19404,"Snacks, granola bars, soft, uncoated, chocolate chip",,
GRANOLABARSPLAIN,prepared,,,,,,19020,"Snacks, granola bars, soft, uncoated, plain",,
GRANOLABARSRAISIN,prepared,,,,,,19022,"Snacks, granola bars, soft, uncoated, raisin",,
GRAPE,fruit,,,,,,9132,"Grapes, red or green (European type, such as Thompson seedless), raw",KEYWORD_EXACT,17
GRAPEFRUIT,fruit,,,,,,9116,"Grapefruit, raw, white, all areas",KEYWORD_EXACT,10
GRAPEFRUITJUICE,beverage,,,,,,9123,"Grapefruit juice, white, canned or bottled, unsweetened",,
GRAPEJUICE,beverage,,,,,,9135,"Grape juice, canned or bottled, unsweetened, without added ascorbic acid",,
GRAPELEAVE,vegetable,,,,,,11974,"Grape leaves, raw",COMPOUND_MATCH,2
GRAPESEEDOIL,fats,,,,,,4517,"Oil, grapeseed",DESC_CONTAINS,1
GRAVY,prepared,,,,,,6318,"Gravy, CAMPBELL'S, country style cream",KEYWORD_EXACT,10
GREENBEAN,legume,,,,,,16023,"Beans, french, mature seeds, cooked, boiled, without salt",COMPOUND_MATCH,3
GRITS,grain,,,,,,8161,"Cereals, corn grits, white, regular and quick, enriched, cooked with water, with salt",COMPOUND_MATCH,10
GROUPER,protein,,,,,,15032,"Fish, grouper, mixed species, cooked, dry heat",DESC_CONTAINS,2
GRUYERE,dairy,,,,,,1023,"Cheese, gruyere",DESC_CONTAINS,1
GUANABANA,fruit,,,,,,9434,"Guanabana nectar, canned",KEYWORD_EXACT,1
GUAVA,fruit,,,,,,9143,"Guava sauce, cooked",KEYWORD_EXACT,7
GUINEA,protein,,,,,,5151,"Guinea hen, meat and skin, raw",KEYWORD_EXACT,2
GUMDROP,prepared,,,,,,19106,"Candies, gumdrops, starch jelly pieces",DESC_CONTAINS,1
HADDOCK,protein,,,,,,15034,"Fish, haddock, cooked, dry heat",DESC_CONTAINS,3
HALFANDHALF,dairy,beverage,,,,,1049,"Cream, fluid, half and half",COMPOUND_MATCH,3
HALIBUT,protein,,,,,,15037,"Fish, halibut, Atlantic and Pacific, cooked, dry heat",DESC_CONTAINS,5
HAMBURGER,prepared,,,,,,21109,"Fast foods, hamburger; single, regular patty; with condiments and vegetables",,
HASHBROWN,vegetable,prepared,,,,,11370,"Potatoes, hash brown, home-prepared",PREFERRED,1
HAZELNUT,nuts,,,,,,12120,"Nuts, hazelnuts or filberts",PREFERRED,1
HAZELNUTOIL,fats,,,,,,4532,"Oil, hazelnut",COMPOUND_MATCH,1
HEARTOFPALM,vegetable,,,,,,43392,"Hearts of palm, raw",DESC_STARTS,7
HEMP,nuts,,,,,,12012,"Seeds, hemp seed, hulled",DESC_CONTAINS,1
HERRING,protein,,,,,,15040,"Fish, herring, Atlantic, cooked, dry heat",DESC_CONTAINS,5
HICKORYNUT,nuts,,,,,,12130,"Nuts, hickorynuts, dried",DESC_CONTAINS,1
HOISIN,spice,,,,,,6175,"Sauce, hoisin, ready-to-serve",DESC_CONTAINS,1
HOMINY,grain,,,,,,20030,"Hominy, canned, white",KEYWORD_EXACT,5
HONEY,spice,,,,,,19296,Honey,PREFERRED,1
HONEYDEW,fruit,,,,,,9184,"Melons, honeydew, raw",DESC_CONTAINS,1
HORNED,fruit,,,,,,9451,Horned melon (Kiwano),KEYWORD_EXACT,2
HORSE,protein,,,,,,17171,"Game meat, horse, cooked, roasted",DESC_STARTS,4
HORSERADISH,vegetable,spice,,A root vegetable,Used as pungent condiment,,2055,"Horseradish, prepared",KEYWORD_EXACT,2
HOTCAKE,prepared,grain,,,,,21321,"McDONALD'S, Hotcakes (plain)",,
HOTDOG,prepared,,,,,,21118,"Fast foods, hotdog, plain",,
HOTDOGBUN,prepared,,,,,,28313,"Rolls, hamburger or hot dog, whole wheat",COMPOUND_MATCH,6
HUCKLEBERRIES,fruit,,,,,,35043,"Huckleberries, raw (Alaska Native)",PREFERRED,1
HUMMUS,legume,,,,,,16158,"Hummus, commercial",KEYWORD_EXACT,2
HUSHPUPPIES,prepared,,,,,,18270,"Hush puppies, prepared from recipe",,
HYACINTH,vegetable,,,,,,11225,"Hyacinth-beans, immature seeds, cooked, boiled, drained, without salt",KEYWORD_EXACT,6
ICECREAMCHOC,dairy,prepared,,,,,19270,"Ice creams, chocolate",,
ICECREAMSTRAW,dairy,prepared,,,,,19271,"Ice creams, strawberry",,
ICECREAMVANILLA,dairy,prepared,,,,,19095,"Ice creams, vanilla",COMPOUND_MATCH,10
ICING,prepared,,,,,,19230,"Frostings, vanilla, creamy, ready-to-eat",PREFERRED,1
INCAPARINA,grain,,,,,,8580,"Incaparina, dry mix (corn and soy flours), unprepared",KEYWORD_EXACT,1
JACKFRUIT,fruit,,,,,,9144,"Jackfruit, raw",KEYWORD_EXACT,2
JALAPENO,spice,,,,,,11979,"Peppers, jalapeno, raw",DESC_CONTAINS,3
JAM,prepared,spice,,,,,19297,Jams and preserves,DESC_STARTS,5
JAMNOSUGAR,prepared,spice,,,,,43028,"Jams and preserves, no sugar (with sodium saccharin), any flavor",,
JELLIES,prepared,,,,,,19300,Jellies,KEYWORD_EXACT,3
JELLYBEAN,prepared,,,,,,19108,"Candies, jellybeans",DESC_CONTAINS,1
JELLYFISH,protein,,,,,,43497,"Jellyfish, dried, salted",KEYWORD_EXACT,1
JERUSALEM,vegetable,,,,,,11226,"Jerusalem-artichokes, raw",DESC_STARTS,1
JICAMA,vegetable,,,,,,11603,"Yambean (jicama), raw",PREFERRED,1
JUJUBE,fruit,,,,,,9146,"Jujube, raw",KEYWORD_EXACT,2
JUTE,vegetable,,,,,,11232,"Jute, potherb, cooked, boiled, drained, without salt",KEYWORD_EXACT,3
KALE,vegetable,,,,,,11234,"Kale, cooked, boiled, drained, without salt",KEYWORD_EXACT,10
KANPYO,vegetable,,,,,,11237,"Kanpyo, (dried gourd strips)",KEYWORD_EXACT,1
KEFIR,dairy,,,,,,1289,"Kefir, lowfat, plain, LIFEWAY",KEYWORD_EXACT,2
KELP,vegetable,,,,,,11445,"Seaweed, kelp, raw",DESC_CONTAINS,1
KETCHUP,prepared,,,,,,11935,Catsup,PREFERRED,1
KIDNEYBEAN,legume,,,,,,16028,"Beans, kidney, all types, mature seeds, cooked, boiled, without salt",COMPOUND_MATCH,1
KIELBASA,protein,,,,,,7968,"Kielbasa, fully cooked, grilled",KEYWORD_EXACT,4
KIMCHI,vegetable,prepared,,,,,11118,"Cabbage, kimchi",DESC_CONTAINS,1
KIWI,fruit,,,,,,9148,"Kiwifruit, green, raw",DESC_STARTS,3
KOHLRABI,vegetable,,,,,,11242,"Kohlrabi, cooked, boiled, drained, without salt",KEYWORD_EXACT,3
KUMQUAT,fruit,,,,,,9149,"Kumquats, raw",DESC_STARTS,1
LADYFINGERS,prepared,,,,,,18175,"Cookies, ladyfingers, with lemon juice and rind",DESC_CONTAINS,2
LAMBCHOP,protein,,,,,,17078,"Lamb, New Zealand, imported, loin chop, separable lean only, raw",PREFERRED,1
LAMBFORESHANK,protein,,,,,,17008,"Lamb, domestic, foreshank, separable lean and fat, trimmed to 1/4"" fat, choice, cooked, braised",DESC_CONTAINS,5
LAMBGROUND,protein,,,,,,17224,"Lamb, ground, cooked, broiled",,
LAMBHINDSHANK,protein,,,,,,17440,"Lamb, Australian, imported, fresh, leg, hindshank, heel on, bone-in, separable lean only, trimmed to 1/8"" fat, cooked, braised",DESC_CONTAINS,4
LAMBLEG,protein,,,,,,17012,"Lamb, domestic, leg, whole (shank and sirloin), separable lean and fat, trimmed to 1/4"" fat, choice, cooked, roasted",KEYWORD_EXACT,15
LAMBRACK,protein,,,,,,17463,"Lamb, Australian, imported, fresh, rack, roast, frenched, bone-in, separable lean and fat, trimmed to 1/8"" fat, cooked, roasted",,
LAMBSHANK,protein,,,,,,17295,"Lamb, Australian, imported, fresh, leg, shank half, separable lean and fat, trimmed to 1/8"" fat, cooked, roasted",,
LAMBSQUARTERS,vegetable,,,,,,11245,"Lambsquarters, cooked, boiled, drained, without salt",KEYWORD_EXACT,5
LAMBTONGUE,protein,,,,,,17221,"Lamb, variety meats and by-products, tongue, cooked, braised",,
LARD,fats,,,,,,4002,Lard,DESC_STARTS,3
LASAGNA,prepared,,,,,,22910,"Lasagna, cheese, frozen, prepared",,
LASAGNAMEAT,prepared,,,,,,22977,"Lasagna with meat sauce, frozen, prepared",,
LECITHIN,fats,,,,,,4531,"Oil, soybean lecithin",,
LEEK,vegetable,,,,,,11247,"Leeks, (bulb and lower leaf-portion), cooked, boiled, drained, without salt",DESC_STARTS,4
LEMONADE,beverage,,,,,,14095,"Beverages, MINUTE MAID, Lemonada, Limeade",KEYWORD_EXACT,11
LEMONJUICE,spice,,,,,,9152,"Lemon juice, raw",,
LEMONPEEL,fruit,,,,,,9156,"Lemon peel, raw",KEYWORD_EXACT,15
LENTIL,legume,protein,,A legume,High in protein,,16070,"Lentils, mature seeds, cooked, boiled, without salt",DESC_STARTS,9
LETTUCE,vegetable,,,,,,11252,"Lettuce, iceberg (includes crisphead types), raw",PREFERRED,1
LIMABEAN,legume,,,,,,11032,"Lima beans, immature seeds, cooked, boiled, drained, without salt",COMPOUND_MATCH,10
LIME,fruit,,,,,,9159,"Limes, raw",DESC_STARTS,8
LIMEADE,beverage,,,,,,14303,"Limeade, frozen concentrate, prepared with water",KEYWORD_EXACT,3
LIMEJUICE,spice,,,,,,9160,"Lime juice, raw",,
LING,protein,,,,,,15198,"Fish, ling, cooked, dry heat",DESC_CONTAINS,5
LINGCOD,protein,,,,,,15199,"Fish, lingcod, cooked, dry heat",DESC_CONTAINS,4
LINGONBERRY,fruit,,,,,,9078,"Cranberries, raw",COMPOUND_MATCH,4
LIQUEUR,beverage,,,,,,14414,"Alcoholic beverage, liqueur, coffee, 53 proof",,
LITCHI,fruit,,,,,,9164,"Litchis, raw",DESC_STARTS,2
LIVER,protein,,,,,,7040,"Liver cheese, pork",KEYWORD_EXACT,8
LIVERWURST,protein,,,,,,7911,Liverwurst spread,KEYWORD_EXACT,2
LOBSTER,protein,,,,,,15148,"Crustaceans, lobster, northern, cooked, moist heat",DESC_CONTAINS,2
LOGANBERRIES,fruit,,,,,,9167,"Loganberries, frozen",COMPOUND_MATCH,1
LONGAN,fruit,,,,,,9172,"Longans, raw",DESC_STARTS,2
LOQUAT,fruit,,,,,,9174,"Loquats, raw",KEYWORD_EXACT,1
LOTUS,vegetable,,,,,,11255,"Lotus root, cooked, boiled, drained, without salt",KEYWORD_EXACT,5
LUNG,protein,,,,,,13328,"Beef, variety meats and by-products, lungs, raw",,
LUPINS,legume,,,,,,16077,"Lupins, mature seeds, cooked, boiled, without salt",KEYWORD_EXACT,3
MACADAMIA,nuts,,,,,,12632,"Nuts, macadamia nuts, dry roasted, with salt added",DESC_CONTAINS,3
MACARONI,grain,,,,,,20106,"Macaroni, vegetable, enriched, cooked",KEYWORD_EXACT,15
MACARONICHEESE,prepared,,,,,,22970,"Macaroni and cheese, frozen entree",,
MACKEREL,protein,,,,,,15047,"Fish, mackerel, Atlantic, cooked, dry heat",DESC_CONTAINS,5
MAHI,protein,,,,,,15194,"Fish, mahimahi, cooked, dry heat",DESC_CONTAINS,2
MAITAKE,vegetable,,,,,,11993,"Mushrooms, maitake, raw",,
MALTED,beverage,,,,,,14317,"Malted drink mix, chocolate, powder",DESC_STARTS,6
MAMEY,fruit,,,,,,9314,"Sapote, mamey, raw",,
MANDARIN,fruit,,,,,,9218,"Tangerines, (mandarin oranges), raw",,
MANGO,fruit,,,,,,9176,"Mangos, raw",KEYWORD_EXACT,7
MANGOSTEEN,fruit,,,,,,9177,"Mangosteen, canned, syrup pack",KEYWORD_EXACT,1
MAPLESYPUP,spice,,,,,,19353,"Syrups, maple",,
MARASCHINO,fruit,,,,,,9328,"Maraschino cherries, canned, drained",DESC_STARTS,1
MARGARINE,fats,,,,,,4073,"Margarine, regular, hard, soybean (hydrogenated)",KEYWORD_EXACT,12
MARGARINESMART,fats,,,,,,4677,"Margarine-like spread, SMART BALANCE Omega Plus Spread (with plant sterols & fish oil)",,
MARJORAM,spice,,,,,,2023,"Spices, marjoram, dried",DESC_CONTAINS,1
MARMALADE,spice,,,,,,19303,"Marmalade, orange",KEYWORD_EXACT,3
MARSHMALLOW,prepared,,,,,,19116,"Candies, marshmallows",DESC_CONTAINS,5
MASA,grain,,,,,,20019,"Corn flour, masa, unenriched, white",DESC_CONTAINS,4
MATZO,prepared,,,,,,18219,"Crackers, matzo, whole-wheat",DESC_CONTAINS,4
MAYOCHOLESTEROL,fats,,,,,,43598,"Mayonnaise dressing, no cholesterol",,
MAYOLIGHT,fats,,,,,,4641,"Salad dressing, mayonnaise, light",,
MAYOREGULAR,spice,,,,,,4025,"Salad dressing, mayonnaise, regular",,
MAYOSMART,fats,,,,,,4689,"Salad Dressing, mayonnaise, light, SMART BALANCE, Omega Plus light",,
MAYOSOY,fats,,,,,,4026,"Salad dressing, mayonnaise, soybean and safflower oil, with salt",,
MEATBALLS,protein,,,,,,43132,"Meatballs, meatless",KEYWORD_EXACT,4
MEATLESSBACON,prepared,grain,,,,,16104,"Bacon, meatless",DESC_CONTAINS,5
MELBA,grain,prepared,,,,,18220,"Crackers, melba toast, plain",,
MELON,fruit,,,,,,9185,"Melon balls, frozen",DESC_STARTS,5
MENHADEN,fats,,,,,,4591,"Fish oil, menhaden",DESC_CONTAINS,2
MEXICANBLEND,dairy,,,,,,1251,"Cheese, Mexican blend",,
MIGNON,protein,,,,,,13921,"Beef, tenderloin, steak, separable lean and fat, trimmed to 1/8"" fat, choice, cooked, broiled",COMPOUND_MATCH,10
MILK,dairy,beverage,,,,,1077,"Milk, whole, 3.25% milkfat, with added vitamin D",PREFERRED,1
MILK2,dairy,beverage,,,,,1080,"Milk, reduced fat, fluid, 2% milkfat, with added nonfat milk solids and vitamin A and vitamin D",,
MILKBUFFALO,dairy,beverage,,,,,1108,"Milk, indian buffalo, fluid",,
MILKCHOC,dairy,beverage,,,,,14182,"Beverages, Chocolate syrup, prepared with whole milk",,
MILKCONDENSED,dairy,,,,,,1095,"Milk, canned, condensed, sweetened",,
MILKEVAPORATED,dairy,,,,,,1214,"Milk, canned, evaporated, without added vitamin A and vitamin D",,
MILKFISH,protein,,,,,,15202,"Fish, milkfish, cooked, dry heat",DESC_CONTAINS,2
MILKSHAKECHOC,dairy,beverage,,,,,1110,"Milk shakes, thick chocolate",,
MILKSHAKEVANILLA,dairy,beverage,,,,,1111,"Milk shakes, thick vanilla",,
MILLET,grain,,,,,,20032,"Millet, cooked",KEYWORD_EXACT,4
MISO,spice,,,,,,16112,Miso,KEYWORD_EXACT,1
MOLASSES,spice,,,,,,19304,Molasses,KEYWORD_EXACT,3
MONKFISH,protein,,,,,,15203,"Fish, monkfish, cooked, dry heat",DESC_CONTAINS,2
MONTEREY,dairy,,,,,,1025,"Cheese, monterey",DESC_CONTAINS,2
MOOSE,protein,,,,,,35049,"Moose, meat, raw (Alaska Native)",KEYWORD_EXACT,5
MOREL,vegetable,,,,,,11240,"Mushrooms, morel, raw",,
MORTADELLA,protein,prepared,,,,,7050,"Mortadella, beef, pork",KEYWORD_EXACT,1
MOTHBEAN,legume,,,,,,16079,"Mothbeans, mature seeds, cooked, boiled, without salt",DESC_STARTS,3
MOUNTAINYAM,vegetable,,,,,,11259,"Mountain yam, hawaii, cooked, steamed, without salt",COMPOUND_MATCH,3
MOUSENUT,nuts,,,,,,12004,"Seeds, breadnut tree seeds, raw",COMPOUND_MATCH,2
MOZZARELLA,dairy,,,,,,1026,"Cheese, mozzarella, whole milk",DESC_CONTAINS,5
MOZZARELLASKIM,dairy,,,,,,1028,"Cheese, mozzarella, part skim milk",,
MUENSTER,dairy,,,,,,1030,"Cheese, muenster",DESC_CONTAINS,2
MULBERRY,fruit,,,,,,9190,"Mulberries, raw",PREFERRED,1
MULLET,protein,,,,,,15056,"Fish, mullet, striped, cooked, dry heat",DESC_CONTAINS,2
MULTIGRAIN,prepared,grain,,,,,3996,"Babyfood, Multigrain whole grain cereal, dry fortified",DESC_CONTAINS,5
MUNGBEAN,legume,,,,,,11044,"Mung beans, mature seeds, sprouted, cooked, boiled, drained, without salt",COMPOUND_MATCH,8
MUNGO,legume,,,,,,16084,"Mungo beans, mature seeds, cooked, boiled, without salt",KEYWORD_EXACT,3
MUSHROOM,vegetable,,,,,,11261,"Mushrooms, white, cooked, boiled, drained, without salt",DESC_STARTS,15
MUSKRAT,protein,,,,,,17175,"Game meat, muskrat, cooked, roasted",DESC_CONTAINS,2
MUSSEL,protein,,,,,,15165,"Mollusks, mussel, blue, cooked, moist heat",DESC_CONTAINS,2
MUSTARD,spice,,,,,,2046,"Mustard, prepared, yellow",KEYWORD_EXACT,13
MUSTARDGREEN,vegetable,,,,,,11271,"Mustard greens, cooked, boiled, drained, without salt",COMPOUND_MATCH,6
MUTTON,protein,,,,,,35141,"Mutton, cooked, roasted (Navajo)",KEYWORD_EXACT,4
NAAN,prepared,,,,,,28307,"Bread, naan, plain, commercially prepared, refrigerated",,
NACHOS,prepared,,,,,,21078,"Fast foods, nachos, with cheese",,
NACHOSBEANCHEESEBEEF,prepared,,,,,,21080,"Fast foods, nachos, with cheese, beans, ground beef, and tomatoes",,
NANCE,fruit,,,,,,9449,"Nance, frozen, unsweetened",KEYWORD_EXACT,2
NAPA,vegetable,,,,,,11970,"Cabbage, napa, cooked",DESC_CONTAINS,2
NATTO,legume,,,,,,16113,Natto,KEYWORD_EXACT,1
NAVYBEAN,legume,,,,,,11047,"Beans, navy, mature seeds, sprouted, cooked, boiled, drained, without salt",COMPOUND_MATCH,7
NECK,protein,,,,,,5089,"Chicken, broilers or fryers, neck, meat only, cooked, fried",DESC_CONTAINS,5
NECTARINE,fruit,,,,,,9191,"Nectarines, raw",DESC_STARTS,1
NETTLES,vegetable,,,,,,35205,"Stinging Nettles, blanched (Northern Plains Indians)",COMPOUND_MATCH,1
NEUFCHATEL,dairy,,,,,,1031,"Cheese, neufchatel",DESC_CONTAINS,1
NOODLEEGG,grain,,,,,,20110,"Noodles, egg, enriched, cooked",DESC_STARTS,12
NOODLERICE,grain,,,,,,20134,"Rice noodles, cooked",,
NOODLESOBA,grain,,,,,,20115,"Noodles, japanese, soba, cooked",,
NOODLESOMEN,grain,,,,,,20117,"Noodles, japanese, somen, cooked",,
NOPALES,vegetable,,,,,,11964,"Nopales, cooked, without salt",KEYWORD_EXACT,2
NORTHERNBEAN,legume,,,,,,16025,"Beans, great northern, mature seeds, cooked, boiled, without salt",COMPOUND_MATCH,5
NUTMEG,spice,,,,,,2025,"Spices, nutmeg, ground",DESC_CONTAINS,2
OAT,grain,,,,,,20034,"Oat bran, cooked",,
OATBRAN,grain,,,,,,20033,"Oat bran, raw",PREFERRED,1
OATBRANCOOKED,grain,fats,,,,,20034,"Oat bran, cooked",KEYWORD_EXACT,9
OATMEAL,grain,,,,,,8640,"Cereals, QUAKER, Instant Oatmeal Organic, Regular",DESC_CONTAINS,5
OCTOPUS,protein,,,,,,35054,Octopus (Alaska Native),KEYWORD_EXACT,3
OHELOBERRY,fruit,,,,,,9192,"Oheloberries, raw",PREFERRED,1
OILALMOND,fats,,,,,,4529,"Oil, almond",,
OILAVOCADO,fats,,,,,,4581,"Oil, avocado",,
OILCANOLA,fats,,,,,,4582,"Oil, canola",,
OILCOCONUT,fats,,,,,,4047,"Oil, coconut",,
OILCODLIVER,fats,,,,,,4589,"Fish oil, cod liver",,
OILCORN,fats,,,,,,4518,"Oil, corn, industrial and retail, all purpose salad or cooking",,
OILCOTTONSEED,fats,,,,,,4502,"Oil, cottonseed, salad or cooking",,
OILOAT,fats,,,,,,4588,"Oil, oat",,
OILOLIVE,fats,,,,,,4053,"Oil, olive, salad or cooking",PREFERRED,1
OILPALM,fats,,,,,,4055,"Oil, palm",DESC_CONTAINS,5
OILPOPPYSEED,fats,,,,,,4514,"Oil, poppyseed",,
OILRICEBRAN,fats,,,,,,4037,"Oil, rice bran",,
OILSALMON,fats,,,,,,4593,"Fish oil, salmon",,
OILSESAME,fats,,,,,,4058,"Oil, sesame, salad or cooking",,
OILSUNFLOWER,fats,,,,,,4545,"Oil, sunflower, linoleic, (partially hydrogenated)",,
OILWHEATGERM,fats,,,,,,4038,"Oil, wheat germ",,
OKARA,legume,,,,,,16130,Okara,KEYWORD_EXACT,1
OKRA,vegetable,,,,,,11279,"Okra, cooked, boiled, drained, without salt",KEYWORD_EXACT,6
OLIVEBLACK,fruit,fats,,Botanically a fruit,,,9193,"Olives, ripe, canned (small-extra large)",,
OLIVEGREEN,fruit,fats,,Botanically a fruit,Primary source of olive oil,,9195,"Olives, pickled, canned or bottled, green",KEYWORD_EXACT,10
ONION,vegetable,spice,,A bulb vegetable,Base flavoring in cooking,,11282,"Onions, raw",PREFERRED,1
ONIONRING,vegetable,prepared,,,,,11289,"Onions, frozen, whole, unprepared",PREFERRED,1
OPOSSUM,protein,,,,,,17176,"Game meat, opossum, cooked, roasted",DESC_CONTAINS,1
ORANGE,fruit,,,,,,9200,"Oranges, raw, all commercial varieties",PREFERRED,1
ORANGEJUICE,beverage,,,,,,9207,"Orange juice, canned, unsweetened",,
OREGANO,spice,,,,,,2027,"Spices, oregano, dried",DESC_CONTAINS,1
OSTRICH,protein,,,,,,5647,"Ostrich, inside strip, cooked",KEYWORD_EXACT,10
OYSTERCOOKED,protein,,,,,,15231,"Mollusks, oyster, Pacific, cooked, moist heat",,
OYSTERMUSHROOM,vegetable,,,,,,11987,"Mushrooms, oyster, raw",,
OYSTERRAW,protein,,,,,,15171,"oyster, Pacific, raw",DESC_CONTAINS,5
PAKCHOI,vegetable,,,,,,11117,"Cabbage, chinese (pak-choi), cooked, boiled, drained, without salt",,
PANCAKE,prepared,,,,,,18390,"Pancakes, buttermilk, prepared from recipe",DESC_STARTS,15
PANCAKEBLUEBERRY,prepared,,,,,,18294,"Pancakes, blueberry, prepared from recipe",,
PANCAKEGLUTENFREE,prepared,,,,,,28347,"Pancakes, gluten-free, frozen, ready-to-heat",,
PANCAKEPLAIN,prepared,,,,,,18293,"Pancakes, plain, prepared from recipe",,
PANCREAS,protein,,,,,,13331,"Beef, variety meats and by-products, pancreas, raw",,
PANDULCE,prepared,,,,,,18955,"Bread, pan dulce, sweet yeast bread",COMPOUND_MATCH,2
PAPAD,prepared,,,,,,42200,Papad,KEYWORD_EXACT,1
PAPAYA,fruit,,,,,,9226,"Papayas, raw",KEYWORD_EXACT,4
PAPRIKA,spice,,,,,,2028,"Spices, paprika",DESC_CONTAINS,1
PARATHA,prepared,,,,,,28286,"Bread, paratha, whole wheat, commercially prepared, frozen",DESC_CONTAINS,1
PARMESAN,dairy,,,,,,1033,"Cheese, parmesan, hard",KEYWORD_EXACT,6
PARSLEY,spice,,,,,,11297,"Parsley, fresh",KEYWORD_EXACT,3
PARSNIP,vegetable,,,,,,11299,"Parsnips, cooked, boiled, drained, without salt",DESC_STARTS,3
PASILLA,fruit,spice,,,,,11982,"Peppers, pasilla, dried",DESC_CONTAINS,1
PASSION,fruit,,,,,,9231,"Passion-fruit, (granadilla), purple, raw",KEYWORD_EXACT,3
PASTA,grain,,,,,,20420,"Pasta, dry, unenriched",PREFERRED,1
PASTRAMI,protein,,,,,,13355,"Beef, cured, pastrami",KEYWORD_EXACT,3
PASTRY,prepared,,,,,,18430,"Danish pastry, cinnamon, unenriched",KEYWORD_EXACT,9
PASTRYCHEESE,prepared,,,,,,18245,"Danish pastry, cheese",,
PATE,protein,,,,,,7942,"Pate, truffle flavor",KEYWORD_EXACT,5
PEACH,fruit,,,,,,9236,"Peaches, yellow, raw",,
PEACHNECTAR,beverage,,,,,,9251,"Peach nectar, canned, without added ascorbic acid",KEYWORD_EXACT,17
PEANUT,legume,nuts,fats,Botanically a legume,Commonly grouped with nuts,,16390,"Peanuts, all types, dry-roasted, without salt",,
PEANUTBUTTER,legume,nuts,fats,,,,16098,"Peanut butter, smooth style, with salt",KEYWORD_EXACT,18
PEANUTBUTTERCHUNK,legume,nuts,fats,,,,16097,"Peanut butter, chunk style, with salt",,
PEANUTDRYSALT,legume,nuts,fats,,,,16090,"Peanuts, all types, dry-roasted, with salt",,
PEANUTOIL,fats,,,,,,4042,"Oil, peanut, salad or cooking",,
PEANUTOILNOSALT,legume,nuts,fats,,,,16389,"Peanuts, all types, oil-roasted, without salt",,
PEANUTOILSALT,legume,nuts,fats,,,,16089,"Peanuts, all types, oil-roasted, with salt",,
PEAR,fruit,,,,,,9252,"Pears, raw",,
PEARNECTAR,beverage,,,,,,9262,"Pear nectar, canned, without added ascorbic acid",KEYWORD_EXACT,17
PEAS,legume,,,,,,11313,"Peas, green, frozen, cooked, boiled, drained, without salt",DESC_STARTS,15
PECAN,nuts,,,,,,12142,"Nuts, pecans",DESC_CONTAINS,5
PEPPER,vegetable,fruit,spice,Bell peppers are vegetables,Hot peppers are spices,Botanically a fruit,2030,"Spices, pepper, black",PREFERRED,1
PEPPERMINT,spice,,,,,,2064,"Peppermint, fresh",KEYWORD_EXACT,1
PEPPERONI,prepared,,,,,,7057,"Pepperoni, beef and pork, sliced",,
PERCH,protein,,,,,,15061,"Fish, perch, mixed species, cooked, dry heat",DESC_CONTAINS,2
PERSIMMON,fruit,,,,,,9263,"Persimmons, japanese, raw",DESC_STARTS,3
PESTO,prepared,,,,,,6626,"Sauce, pesto, ready-to-serve, refrigerated",DESC_CONTAINS,5
PHEASANT,protein,,,,,,43283,"Pheasant, cooked, total edible",KEYWORD_EXACT,5
PHYLLO,prepared,,,,,,18338,Phyllo dough,KEYWORD_EXACT,1
PICKLE,spice,,,,,,11937,"Pickles, cucumber, dill or kosher dill",KEYWORD_EXACT,15
PIEBANANACREAM,prepared,,,,,,18304,"Pie, banana cream, prepared from recipe",,
PIEBLUEBERRY,prepared,,,,,,18306,"Pie, blueberry, prepared from recipe",,
PIEBOSTONCREAM,prepared,,,,,,18090,"Cake, boston cream pie, commercially prepared",,
PIECHERRY,prepared,,,,,,18309,"Pie, cherry, prepared from recipe",,
PIECHERRYFRIED,prepared,,,,,,18444,"Pie, fried pies, cherry",,
PIECHOCOLATE,prepared,,,,,,18310,"Pie, chocolate creme, commercially prepared",,
PIECOCONUT,prepared,,,,,,18313,"Pie, coconut creme, commercially prepared",,
PIECRUST,prepared,,,,,,18946,"Pie crust, refrigerated, regular, baked",,
PIEDUTCHAPPLE,prepared,,,,,,18944,"Pie, Dutch Apple, Commercially Prepared",,
PIELEMON,prepared,,,,,,18321,"Pie, lemon meringue, prepared from recipe",,
PIELEMONFRIED,prepared,,,,,,18445,"Pie, fried pies, lemon",,
PIEMINCE,prepared,,,,,,18322,"Pie, mince, prepared from recipe",,
PIEPEACH,prepared,,,,,,18323,"Pie, peach",,
PIEPECAN,prepared,,,,,,18325,"Pie, pecan, prepared from recipe",,
PIEPUMPKIN,prepared,,,,,,18327,"Pie, pumpkin, prepared from recipe",,
PIEVANILLACREAM,prepared,,,,,,18328,"Pie, vanilla cream, prepared from recipe",,
PIGEON,protein,,,,,,5160,"Squab, (pigeon), meat and skin, raw",,
PIGEONPEAS,legume,,,,,,11345,"Pigeonpeas, immature seeds, cooked, boiled, drained, without salt",DESC_STARTS,3
PIKE,protein,,,,,,15063,"Fish, pike, northern, cooked, dry heat",DESC_CONTAINS,5
PIKIBREAD,grain,,,,,,35234,"Piki bread, made from blue cornmeal (Hopi)",COMPOUND_MATCH,1
PILINUT,nuts,,,,,,12145,"Nuts, pilinuts, dried",DESC_CONTAINS,1
PIMIENTO,spice,,,,,,11943,"Pimento, canned",PREFERRED,1
PINE,nuts,,,,,,12149,"Nuts, pine nuts, pinyon, dried",DESC_STARTS,15
PINEAPPLE,fruit,,,,,,9266,"Pineapple, raw, all varieties",KEYWORD_EXACT,14
PINEAPPLEJUICE,beverage,,,,,,9273,"Pineapple juice, canned or bottled, unsweetened, without added ascorbic acid",,
PINON,nuts,,,,,,35207,"Pinon Nuts, roasted (Navajo)",KEYWORD_EXACT,1
PINTOBEAN,legume,,,,,,11654,"Beans, pinto, mature seeds, sprouted, cooked, boiled, drained, without salt",COMPOUND_MATCH,10
PISTACHIO,nuts,,,,,,12152,"Nuts, pistachio nuts, dry roasted, without salt added",DESC_CONTAINS,3
PITA,prepared,,,,,,18413,"Bread, pita, white, unenriched",DESC_STARTS,6
PITANGA,fruit,,,,,,9276,"Pitanga, (surinam-cherry), raw",KEYWORD_EXACT,1
PIZZA,prepared,,,,,,21224,"Pizza, cheese topping, regular crust, frozen, cooked",KEYWORD_EXACT,15
PIZZAMEATVEGGIE,prepared,,,,,,21304,"Fast Food, Pizza Chain, 14"" pizza, meat and vegetable topping, regular crust",,
PIZZAPEPPERONI,prepared,,,,,,21302,"Fast Food, Pizza Chain, 14"" pizza, pepperoni topping, regular crust",,
PIZZASAUSAGE,prepared,,,,,,21484,"Fast Food, Pizza Chain, 14"" pizza, sausage topping, regular crust",,
PLAINTAIN,fruit,,,,,,9277,"Plantains, raw",PREFERRED,1
PLUM,fruit,,,,,,9291,"Plums, dried (prunes), uncooked",DESC_STARTS,14
POKE,protein,,,,,,11351,"Pokeberry shoots, (poke), cooked, boiled, drained, without salt",DESC_STARTS,3
POLLOCK,protein,,,,,,15205,"Fish, pollock, Atlantic, cooked, dry heat",DESC_CONTAINS,5
POMEGRANATE,fruit,,,,,,9286,"Pomegranates, raw",KEYWORD_EXACT,3
POMPANO,protein,,,,,,15069,"Fish, pompano, florida, cooked, dry heat",DESC_CONTAINS,2
POPCORN,grain,prepared,,,,,19807,"Snacks, popcorn, oil-popped, white popcorn, salt added",KEYWORD_EXACT,8
POPPYSEED,nuts,fats,,,,,2033,"Spices, poppy seed",COMPOUND_MATCH,3
POPTARTBLUE,prepared,,,,,,18476,"Toaster Pastries, KELLOGG, KELLOGG'S POP TARTS, Blueberry",,
POPTARTFRSTBLUE,prepared,,,,,,18477,"Toaster Pastries, KELLOGG, KELLOGG'S POP TARTS, Frosted blueberry",,
POPTARTFRSTBRWN,prepared,,,,,,18479,"Toaster Pastries, KELLOGG, KELLOGG'S POP TARTS, Frosted brown sugar cinnamon",,
POPTARTFRSTCHERRY,prepared,,,,,,18481,"Toaster Pastries, KELLOGG, KELLOGG'S POP TARTS, Frosted cherry",,
POPTARTFRSTCHOC,prepared,,,,,,18482,"Toaster Pastries, KELLOGG, KELLOGG'S POP TARTS, Frosted chocolate fudge",,
POPTARTFRSTRASP,prepared,,,,,,18486,"Toaster Pastries, KELLOGG, KELLOGG'S POP TARTS, Frosted raspberry",,
POPTARTFRSTSTRAW,prepared,,,,,,18497,"Toaster Pastries, KELLOGG, KELLOGG'S LOW FAT POP TARTS, Frosted strawberry",,
POPTARTFRSTWILD,prepared,,,,,,18490,"Toaster Pastries, KELLOGG, KELLOGG'S POP TARTS, Frosted wild berry",,
POPTARTSMORES,prepared,,,,,,18487,"Toaster Pastries, KELLOGG, KELLOGG'S POP TARTS, S'mores",,
POPTARTSTRAW,prepared,,,,,,18488,"Toaster Pastries, KELLOGG, KELLOGG'S POP TARTS, Strawberry",,
PORK,protein,,,,,,10062,"Pork, fresh, loin, top loin (chops), boneless, separable lean and fat, raw",PREFERRED,1
PORKBACKRIB,protein,,,,,,10193,"Pork, fresh, backribs, separable lean and fat, cooked, roasted",,
PORKBELLY,protein,,,,,,10005,"Pork, fresh, belly, raw",COMPOUND_MATCH,1
PORKBOSTONBUTT,protein,,,,,,10083,"Pork, fresh, shoulder, blade, boston (roasts), separable lean and fat, cooked, roasted",,
PORKCHOP,protein,,,,,,10189,"Pork, fresh, loin, center loin (chops), boneless, separable lean and fat, cooked, pan-broiled",COMPOUND_MATCH,1
PORKCOUNTRYSTYLERIB,protein,,,,,,10991,"Pork, fresh, loin, country-style ribs, separable lean and fat, boneless, cooked, broiled",,
PORKGROUND,protein,,,,,,10975,"Pork, ground, 84% lean / 16% fat, cooked, crumbles",,
PORKHAM,protein,,,,,,7029,"Ham, sliced, regular (approximately 11% fat)",KEYWORD_EXACT,15
PORKHAMLEG,protein,,,,,,10009,"Pork, fresh, leg (ham), whole, separable lean and fat, cooked, roasted",,
PORKPICNIC,protein,,,,,,10076,"Pork, fresh, shoulder, arm picnic, separable lean and fat, cooked, roasted",,
PORKPORTERHOUSE,protein,,,,,,10037,"Pork, fresh, loin, center loin (chops), bone-in, separable lean and fat, cooked, braised",,
PORKRUMP,protein,,,,,,10013,"Pork, fresh, leg (ham), rump half, separable lean and fat, cooked, roasted",DESC_CONTAINS,5
PORKSALT,protein,,,,,,10165,"Pork, cured, salt pork, raw",COMPOUND_MATCH,1
PORKSAUSAGE,protein,,,,,,7064,"Pork sausage, link/patty, cooked, pan-fried",,
PORKSHANK,protein,,,,,,10017,"Pork, fresh, leg (ham), shank half, separable lean and fat, cooked, roasted",DESC_CONTAINS,5
PORKSHOULDER,protein,,,,,,10071,"Pork, fresh, shoulder, blade, boston (roasts), separable lean and fat, cooked, roasted",,
PORKSMOKED,protein,,,,,,7074,"Smoked link sausage, pork",DESC_STARTS,7
PORKSPARERIBB,protein,,,,,,10089,"Pork, fresh, spareribs, separable lean and fat, cooked, braised",,
PORKSPLEEN,protein,,,,,,10118,"Pork, fresh, variety meats and by-products, spleen, cooked, braised",DESC_CONTAINS,5
PORKTENDERLOIN,protein,,,,,,10221,"Pork, fresh, loin, tenderloin, separable lean and fat, cooked, broiled",,
PORKTONGUE,protein,,,,,,10122,"Pork, fresh, variety meats and by-products, tongue, cooked, braised",,
PORTABELLA,vegetable,,,,,,1265,"Mushrooms, portabella, raw",,
PORTDESALUT,dairy,,,,,,1034,"Cheese, port de salut",COMPOUND_MATCH,1
POTATOCHIP,prepared,,,,,,19411,"Snacks, potato chips, plain, salted",PREFERRED,1
POTATOESAUGRATIN,vegetable,prepared,,,,,11373,"Potatoes, au gratin, home-prepared from recipe using butter",,
POTATOESBAKED,vegetable,,,,,,11363,"Potatoes, baked, flesh, without salt",PREFERRED,1
POTATOESBOILED,vegetable,,,,,,11367,"Potatoes, boiled, cooked without skin, flesh, without salt",,
POTATOESFRENCHFRIES,vegetable,,,,,,11403,"Potatoes, french fried, all types, salt added in processing, frozen, home-prepared, oven heated",PREFERRED,1
POTATOESMASHED,vegetable,prepared,,,,,11657,"Potatoes, mashed, home-prepared, whole milk added",,
POTATOESSCALLOPED,vegetable,prepared,,,,,11372,"Potatoes, scalloped, home-prepared with butter",,
POTATOSALAD,prepared,,,,,,11414,"Potato salad, home-prepared",,
POUT,protein,,,,,,15206,"Fish, pout, ocean, cooked, dry heat",DESC_CONTAINS,2
PRAWN,protein,,,,,,15151,"Crustaceans, shrimp, mixed species, cooked, moist heat (may have been previously frozen)",PREFERRED,1
PRESERVES,spice,,,,,,19920,"Jams, preserves, marmalades, sweetened with fruit juice",DESC_CONTAINS,2
PRETZEL,prepared,,,,,,25024,"Pretzels, soft, unsalted",DESC_STARTS,7
PRICKLYPEAR,fruit,,,,,,9287,"Prickly pears, raw",PREFERRED,1
PROSCIUTTO,protein,,,,,,7057,"Pepperoni, beef and pork, sliced",KEYWORD_EXACT,6
PROVOLONE,dairy,,,,,,1035,"Cheese, provolone",DESC_CONTAINS,2
PRUNE,fruit,,,,,,9289,"Prunes, dehydrated (low-moisture), uncooked",KEYWORD_EXACT,9
PRUNEJUICE,beverage,,,,,,9294,"Prune juice, canned",,
PUDDINGCHOC,prepared,,,,,,19183,"Puddings, chocolate, ready-to-eat",,
PUDDINGLEMON,prepared,,,,,,19204,"Puddings, lemon, dry mix, instant, prepared with 2% milk",,
PUDDINGRICE,prepared,,,,,,19193,"Puddings, rice, ready-to-eat",,
PUDDINGTAPICOA,prepared,,,,,,19218,"Puddings, tapioca, ready-to-eat",,
PUDDINGVANILLA,prepared,,,,,,19203,"Puddings, vanilla, dry mix, instant, prepared with whole milk",DESC_STARTS,15
PUMMELO,fruit,,,,,,9295,"Pummelo, raw",KEYWORD_EXACT,1
PUMPERNICKEL,prepared,,,,,,18044,"Bread, pumpernickel",DESC_CONTAINS,4
PUMPKIN,vegetable,fruit,,Botanically a fruit,Used as a vegetable,,11424,"Pumpkin, canned, without salt",KEYWORD_EXACT,15
PUNCH,beverage,,,,,,14276,"Beverages, Tropical Punch, ready-to-drink",KEYWORD_EXACT,4
PURSLANE,vegetable,,,,,,11428,"Purslane, cooked, boiled, drained, without salt",KEYWORD_EXACT,3
QUAIL,protein,,,,,,43282,"Quail, cooked, total edible",KEYWORD_EXACT,5
QUAILEGG,protein,,,,,,1140,"Egg, quail, whole, fresh, raw",,
QUESOANEJO,dairy,,,,,,1165,"Cheese, mexican, queso anejo",,
QUESOASADERO,dairy,,,,,,1166,"Cheese, mexican, queso asadero",,
QUESOBLANCO,dairy,,,,,,1229,"Cheese, white, queso blanco",,
QUESOCHIHUAHUA,dairy,,,,,,1167,"Cheese, mexican, queso chihuahua",,
QUESOCOTIJA,dairy,,,,,,1267,"Cheese, mexican, queso cotija",,
QUINCE,fruit,,,,,,9296,"Quinces, raw",DESC_STARTS,1
QUINOA,grain,protein,,A pseudo-grain,Complete protein source,,20137,"Quinoa, cooked",KEYWORD_EXACT,2
RABBIT,protein,,,,,,17178,"Game meat, rabbit, domesticated, composite of cuts, cooked, roasted",DESC_CONTAINS,5
RACCOON,protein,,,,,,17182,"Game meat, raccoon, cooked, roasted",DESC_CONTAINS,1
RADICCHIO,vegetable,,,,,,11952,"Radicchio, raw",KEYWORD_EXACT,1
RADISH,vegetable,,,,,,11429,"Radishes, raw",KEYWORD_EXACT,8
RAISIN,fruit,,,,,,9297,"Raisins, golden seedless",DESC_STARTS,8
RAISINBREAD,prepared,,,,,,18414,"Bread, raisin, unenriched",,
RANCHDRESSING,spice,,,,,,4640,"Salad dressing, ranch dressing, reduced fat",COMPOUND_MATCH,4
RANCHSTYLE,spice,,,,,,43112,"Beans, chili, barbecue, ranch style, cooked",COMPOUND_MATCH,1
RASPBERRIES,fruit,,,,,,9302,"Raspberries, raw",DESC_CONTAINS,4
RAVIOLI,prepared,,,,,,36055,"Restaurant, Italian, cheese ravioli with marinara sauce",KEYWORD_EXACT,4
REDBEAN,legume,,,,,,16033,"Beans, kidney, red, mature seeds, cooked, boiled, without salt",COMPOUND_MATCH,1
REFRIEDBEAN,legume,,,,,,16403,"Refried beans, canned, traditional, reduced sodium",,
RELISH,spice,,,,,,11944,"Pickle relish, hot dog",PREFERRED,1
RENNIN,prepared,,,,,,19223,"Rennin, vanilla, dry mix, prepared with whole milk",KEYWORD_EXACT,7
RHUBARB,fruit,,,,,,9309,"Rhubarb, frozen, uncooked",KEYWORD_EXACT,4
RICEBRAN,grain,,,,,,20060,"Rice bran, crude",COMPOUND_MATCH,5
RICEBROWN,grain,,,,,,20037,"Rice, brown, long-grain, cooked",,
RICEFLOURBROWN,grain,,,,,,20090,"Rice flour, brown",,
RICEFLOURWHITE,grain,,,,,,20061,"Rice flour, white, unenriched",,
RICESPANISH,grain,prepared,,,,,36417,"Restaurant, Mexican, spanish rice",,
RICEWHITE,grain,,,,,,20545,"Rice, white, long-grain, regular, cooked, unenriched, with salt",PREFERRED,1
RICOTTA,dairy,,,,,,1036,"Cheese, ricotta, whole milk",DESC_CONTAINS,2
RICOTTASKIM,dairy,,,,,,1037,"Cheese, ricotta, part skim milk",,
ROCKFISH,protein,,,,,,15071,"Fish, rockfish, Pacific, mixed species, cooked, dry heat",DESC_CONTAINS,2
ROE,protein,,,,,,15072,"Fish, roe, mixed species, raw",DESC_CONTAINS,2
ROLLDINNER,prepared,,,,,,18347,"Rolls, dinner, wheat",,
ROLLHAMBURGER,prepared,,,,,,18350,"Rolls, hamburger or hotdog, plain",,
ROLLHOTDOG,prepared,,,,,,18350,"Rolls, hamburger or hotdog, plain",,
ROMANO,dairy,,,,,,1038,"Cheese, romano",DESC_CONTAINS,1
ROQUEFORT,dairy,,,,,,1039,"Cheese, roquefort",DESC_CONTAINS,1
ROSELLE,fruit,,,,,,9311,"Roselle, raw",KEYWORD_EXACT,1
ROSEMARY,spice,,,,,,2063,"Rosemary, fresh",KEYWORD_EXACT,2
ROUGHY,protein,,,,,,15232,"Fish, roughy, orange, cooked, dry heat",DESC_CONTAINS,2
ROUNDROASTBOTTOM,protein,,,,,,13399,"Beef, round, bottom round, roast, separable lean and fat, trimmed to 0"" fat, all grades, cooked, roasted",,
RUSK,grain,prepared,,,,,18224,"Crackers, rusk toast",,
RUTABAGA,vegetable,,,,,,11436,"Rutabagas, cooked, boiled, drained, without salt",DESC_STARTS,3
RYE,grain,,,,,,20062,Rye grain,KEYWORD_EXACT,9
SABLEFISH,protein,,,,,,15208,"Fish, sablefish, cooked, dry heat",DESC_CONTAINS,3
SACCHARIN,spice,,,,,,43158,"Sweeteners, tabletop, saccharin (sodium saccharin)",,
SAFFLOWER,nuts,fats,,,,,4510,"Oil, safflower, salad or cooking, linoleic, (over 70%)",DESC_CONTAINS,4
SAFFRON,spice,,,,,,2037,"Spices, saffron",DESC_CONTAINS,1
SAGE,spice,,,,,,28367,"SAGE VALLEY, Gluten Free Vanilla Sandwich Cookies",KEYWORD_EXACT,2
SAKE,beverage,,,,,,43479,"Alcoholic beverage, rice (sake)",,
SALISBURY,protein,,,,,,32031,"Salisbury steak with gravy, frozen",KEYWORD_EXACT,4
SALMON,protein,,,,,,15210,"Fish, salmon, chinook, cooked, dry heat",DESC_CONTAINS,5
SALSA,prepared,,,,,,6164,"Fish, salmon, chinook, cooked, dry heat",DESC_CONTAINS,5
SALSAVERDE,prepared,,,,,,27047,"Sauce, salsa, verde, ready-to-serve",,
SALSIFY,vegetable,,,,,,11438,"Salsify, cooked, boiled, drained, without salt",KEYWORD_EXACT,3
SALT,spice,,,,,,2047,"Salt, table",PREFERRED,1
SALTINE,grain,prepared,,,,,18228,"Crackers, saltines (includes oyster, soda, soup)",,
SAPOTE,fruit,,,,,,9314,"Sapote, mamey, raw",DESC_CONTAINS,1
SARDINE,protein,,,,,,15088,"Fish, sardine, Atlantic, canned in oil, drained solids with bone",,
SARDINEOIL,fats,,,,,,4594,"Fish oil, sardine",DESC_CONTAINS,3
SAUCE,prepared,,,,,,1164,"Cheese sauce, prepared from recipe",KEYWORD_EXACT,15
SAUCEBARBECUE,spice,,,,,,27057,"Sauce, barbecue, KC MASTERPIECE, original",,
SAUERKRAUT,prepared,,,,,,11439,"Sauerkraut, canned, solids and liquids",KEYWORD_EXACT,1
SAVOY,vegetable,,,,,,11115,"Cabbage, savoy, cooked, boiled, drained, without salt",DESC_CONTAINS,3
SCALLION,vegetable,,,,,,11291,"Onions, spring or scallions (includes tops and bulb), raw",PREFERRED,1
SCALLOP,protein,,,,,,90240,"Mollusks, scallop, (bay and sea), cooked, steamed",DESC_CONTAINS,5
SCROD,protein,,,,,,15016,"Fish, cod, Atlantic, cooked, dry heat",DESC_CONTAINS,5
SCUP,protein,,,,,,15213,"Fish, scup, cooked, dry heat",DESC_CONTAINS,2
SEABASS,protein,,,,,,15092,"Fish, sea bass, mixed species, cooked, dry heat",COMPOUND_MATCH,2
SEAL,protein,fats,,,,,35056,"Seal, bearded (Oogruk), meat, raw (Alaska Native)",KEYWORD_EXACT,7
SEALION,protein,,,,,,35230,"Sea lion, Steller, meat with fat (Alaska Native)",COMPOUND_MATCH,6
SEATROUT,protein,,,,,,15214,"Fish, seatrout, mixed species, cooked, dry heat",DESC_CONTAINS,2
SEAWEED,vegetable,,,,,,11444,"Seaweed, irishmoss, raw",KEYWORD_EXACT,10
SEMOLINA,grain,,,,,,20466,"Semolina, unenriched",KEYWORD_EXACT,2
SERANO,fruit,spice,,,,,11977,"Peppers, serrano, raw",COMPOUND_MATCH,1
SESAME,nuts,,,,,,12024,"Seeds, sesame seeds, whole, roasted and toasted",DESC_CONTAINS,5
SESAMEBUTTER,nuts,,,,,,12166,"Seeds, sesame butter, tahini, from roasted and toasted kernels (most common type)",,
SESAMEFLOUR,nuts,,,,,,12032,"Seeds, sesame flour, partially defatted",COMPOUND_MATCH,3
SHAD,protein,,,,,,15215,"Fish, shad, american, cooked, dry heat",DESC_CONTAINS,2
SHAKE,dairy,beverage,,,,,14347,"Shake, fast food, vanilla",KEYWORD_EXACT,3
SHALLOT,vegetable,,,,,,11677,"Shallots, raw",DESC_STARTS,2
SHARK,protein,,,,,,15096,"Fish, shark, mixed species, cooked, batter-dipped and fried",DESC_CONTAINS,3
SHEANUT,fats,,,,,,4536,"Oil, sheanut",DESC_CONTAINS,1
SHEEFISH,protein,,,,,,35169,"Fish, sheefish, raw (Alaska Native)",DESC_CONTAINS,1
SHEEPMILK,beverage,,,,,,1109,"Milk, sheep, fluid",,
SHEEPSHEAD,protein,,,,,,15098,"Fish, sheepshead, cooked, dry heat",DESC_CONTAINS,2
SHELLIEBEAN,legume,,,,,,11050,"Beans, shellie, canned, solids and liquids",COMPOUND_MATCH,1
SHERBET,prepared,,,,,,19097,"Sherbet, orange",KEYWORD_EXACT,1
SHIITAKE,vegetable,,,,,,11238,"Mushrooms, shiitake, raw",,
SHORTBREAD,prepared,,,,,,18192,"Cookies, shortbread, commercially prepared, plain",DESC_CONTAINS,5
SHORTENING,fats,,,,,,4031,"Shortening, household, soybean (partially hydrogenated)-cottonseed (partially hydrogenated)",KEYWORD_EXACT,10
SHRIMP,protein,,,,,,15150,"Crustaceans, shrimp, mixed species, cooked, breaded and fried",DESC_CONTAINS,5
SMELT,protein,,,,,,35184,"Smelt, dried (Alaska Native)",KEYWORD_EXACT,3
SMOOTHIE,beverage,,,,,,9531,"Fruit juice smoothie, NAKED JUICE, strawberry banana",KEYWORD_EXACT,10
SNACK,prepared,,,,,,19056,"Snacks, tortilla chips, plain, white corn, salted",DESC_STARTS,15
SNAIL,protein,,,,,,90560,"Mollusks, snail, raw",DESC_CONTAINS,1
SNAPBEAN,legume,protein,,A legume,Good protein source,,11053,"Beans, snap, green, cooked, boiled, drained, without salt",DESC_STARTS,15
SNAPPER,protein,,,,,,15102,"Fish, snapper, mixed species, cooked, dry heat",DESC_CONTAINS,2
SOCKEYE,protein,,,,,,15086,"Fish, salmon, sockeye, cooked, dry heat",DESC_CONTAINS,5
SOLE,protein,,,,,,15029,"Fish, flatfish (flounder and sole species), cooked, dry heat",DESC_CONTAINS,2
SORGHUM,grain,,,,,,20067,Sorghum grain,KEYWORD_EXACT,4
SORGHUMFLOUR,grain,,,,,,20648,"Sorghum flour, whole-grain",COMPOUND_MATCH,3
SORGHUMSYRUP,spice,,,,,,19355,"Syrups, sorghum",,
SORREL,vegetable,,,,,,11617,"Dock, cooked, boiled, drained, without salt",KEYWORD_EXACT,3
SOUPBEEFBROTH,prepared,,,,,,6008,"Soup, beef broth or bouillon canned, ready-to-serve",,
SOUPBROCCOLI,prepared,,,,,,6546,CAMPBELL'S Homestyle Potato Broccoli Cheese Soup,,
SOUPCHICKBROTH,prepared,,,,,,6194,"Soup, chicken broth, ready-to-serve",,
SOUPCHICKENRICE,prepared,,,,,,6022,"Soup, chicken rice, canned, chunky, ready-to-serve",,
SOUPCHICKNOODLE,prepared,,,,,,6018,"Soup, chunky chicken noodle, canned, ready-to-serve",,
SOUPCLAM,prepared,,,,,,27042,"Soup, clam chowder, new england, canned, ready-to-serve",,
SOUPCLAMRED,prepared,,,,,,6027,"Soup, clam chowder, manhattan style, canned, chunky, ready-to-serve",,
SOUPMINESTRONE,prepared,,,,,,6544,CAMPBELL'S Homestyle Minestrone Soup,,
SOUPMUSHROOM,prepared,,,,,,6443,"Soup, cream of mushroom, canned, prepared with equal volume water",,
SOUPRAMENNOODLE,grain,prepared,,,,,6583,"Soup, ramen noodle, any flavor, dry",,
SOUPTOMATO,prepared,,,,,,6588,"CAMPBELL'S Soup on the Go, Classic Tomato Soup",,
SOUPTOMATORICE,prepared,,,,,,6463,"Soup, tomato rice, canned, prepared with equal volume water",,
SOUPTORTILLA,prepared,,,,,,6543,CAMPBELL'S Homestyle Mexican Style Chicken Tortilla Soup,,
SOUPVEG,prepared,,,,,,6468,"Soup, vegetarian vegetable, canned, prepared with equal volume water",KEYWORD_EXACT,14
SOURCREAM,dairy,,,,,,1178,"Sour cream, reduced fat",COMPOUND_MATCH,10
SOURSOP,fruit,,,,,,9315,"Soursop, raw",KEYWORD_EXACT,1
SOYBEAN,legume,,,,,,11451,"Soybeans, green, cooked, boiled, drained, without salt",,
SOYBEANOIL,fats,,,,,,4044,"Oil, soybean, salad or cooking",,
SOYLECITHIN,fats,,,,,,4531,"Oil, soybean lecithin",PREFERRED,1
SOYMILK,legume,beverage,,,,,16120,"Soymilk, original and vanilla, unfortified",KEYWORD_EXACT,15
SOYNUT,legume,protein,fats,A legume,Complete protein source,,11451,"Soybeans, green, cooked, boiled, drained, without salt",KEYWORD_EXACT,15
SOYSAUCE,spice,,,,,,16123,Soy sauce made from soy and wheat (shoyu),COMPOUND_MATCH,6
SPAGHETTI,grain,,,,,,20127,"Spaghetti, spinach, cooked",KEYWORD_EXACT,15
SPAGHETTIMEAT,prepared,,,,,,36630,"Restaurant, Italian, spaghetti with meat sauce",,
SPAGHETTIMEATBALLS,prepared,,,,,,36038,"Restaurant, family style, spaghetti and meatballs",,
SPAGHETTIMEATLESS,prepared,,,,,,36046,"Restaurant, Italian, spaghetti with pomodoro sauce (no meat)",,
SPAM,protein,prepared,,,,,7908,"Luncheon meat, pork with ham, minced, canned, includes SPAM (Hormel)",,
SPEARMINT,spice,,,,,,2065,"Spearmint, fresh",KEYWORD_EXACT,2
SPELT,grain,,,,,,20140,"Spelt, uncooked",KEYWORD_EXACT,2
SPINACH,vegetable,,,,,,11457,"Spinach, raw",PREFERRED,1
SPIRULINA,vegetable,,,,,,11666,"Seaweed, spirulina, raw",DESC_CONTAINS,2
SPLITPEA,legume,,,,,,16086,"Peas, split, mature seeds, cooked, boiled, without salt",COMPOUND_MATCH,2
SPOT,protein,,,,,,15216,"Fish, spot, cooked, dry heat",DESC_CONTAINS,3
SPRAYOIL,fats,,,,,,4679,"Oil, PAM cooking spray, original",COMPOUND_MATCH,1
SPROUTS,vegetable,,,,,,11001,"Alfalfa seeds, sprouted, raw",KEYWORD_EXACT,1
SQUAB,protein,,,,,,5160,"Squab, (pigeon), meat and skin, raw",KEYWORD_EXACT,6
SQUASHACORN,vegetable,fruit,,Botanically a fruit,Cooked as a vegetable,,11862,"Squash, summer, zucchini, includes skin, frozen, cooked, boiled, drained, with salt",,
SQUASHSUMMER,vegetable,fruit,,Botanically a fruit,Cooked as a vegetable,,11642,"Squash, summer, all varieties, cooked, boiled, drained, without salt",,
SQUASHWINTER,vegetable,fruit,,Botanically a fruit,Cooked as a vegetable,,11483,"Squash, winter, acorn, cooked, baked, without salt",KEYWORD_EXACT,13
SQUID,protein,,,,,,15176,"Mollusks, squid, mixed species, cooked, fried",DESC_CONTAINS,2
SQUIRREL,protein,,,,,,35075,"Squirrel, ground, meat (Alaska Native)",KEYWORD_EXACT,3
SRIRACHA,spice,,,,,,6631,"Sauce, hot chile, sriracha",DESC_CONTAINS,3
STARFRUIT,fruit,,,,,,9060,"Carambola, (starfruit), raw",KEYWORD_EXACT,1
STEELHEAD,protein,,,,,,35181,"Steelhead trout, boiled, canned (Alaska Native)",KEYWORD_EXACT,2
STEVIA,spice,,,,,,19918,"Sweetener, herbal extract powder from Stevia leaf",,
STRAWBERRIES,fruit,,,,,,9316,"Strawberries, raw",KEYWORD_EXACT,6
STRUDEL,prepared,,,,,,18354,"Strudel, apple",,
STURGEON,protein,,,,,,15105,"Fish, sturgeon, mixed species, cooked, dry heat",DESC_CONTAINS,3
SUBMARINE,prepared,,,,,,21126,"Fast foods, submarine sandwich, tuna on white bread with lettuce and tomato",DESC_CONTAINS,5
SUCCOTASH,vegetable,,,,,,11496,"Succotash, (corn and limas), cooked, boiled, drained, without salt",KEYWORD_EXACT,8
SUCKER,protein,,,,,,15217,"Fish, sucker, white, cooked, dry heat",DESC_CONTAINS,2
SUET,protein,,,,,,13335,"Beef, variety meats and by-products, suet, raw",DESC_CONTAINS,1
SUGAR,spice,,,,,,19335,"Sugars, granulated",PREFERRED,1
SUGARBROWN,spice,,,,,,19334,"Sugars, brown",,
SUGARMAPLE,spice,,,,,,19340,"Sugars, maple",,
SUGARPOWDERED,spice,,,,,,18336,"Sugars, powdered",,
SUNFISH,protein,,,,,,15218,"Fish, sunfish, pumpkin seed, cooked, dry heat",DESC_CONTAINS,2
SUNFLOWER,nuts,fats,,,,,4060,"Oil, sunflower, linoleic (less than 60%)",DESC_CONTAINS,5
SURIMI,protein,,,,,,15109,"Fish, surimi",DESC_CONTAINS,1
SWEETBREAD,protein,,,,,,23437,"Beef, New Zealand, imported, sweetbread, cooked, boiled",DESC_CONTAINS,4
SWEETENER,spice,,,,,,19337,"Sweeteners, tabletop, aspartame, EQUAL, packets",KEYWORD_EXACT,10
SWEETPOTATO,vegetable,,,,,,11508,"Sweet potato, cooked, baked in skin, flesh, without salt",COMPOUND_MATCH,10
SWISSCHARD,vegetable,,,,,,11147,"Chard, swiss, raw",PREFERRED,1
SWISSCHEESE,dairy,,,,,,1040,"Cheese, swiss",COMPOUND_MATCH,1
SWORDFISH,protein,,,,,,15111,"Fish, swordfish, cooked, dry heat",DESC_CONTAINS,2
SYRUPAGAVE,spice,,,,,,19912,"Sweetener, syrup, agave",,
SYRUPCANE,spice,,,,,,90480,"Syrup, Cane",,
SYRUPCHOC,spice,,,,,,14182,"Beverages, Chocolate syrup, prepared with whole milk",KEYWORD_EXACT,17
SYRUPCORNDARK,spice,,,,,,19349,"Syrups, corn, dark",,
SYRUPCORNLIGHT,spice,,,,,,19350,"Syrups, corn, light",,
SYRUPHIGHFRUCTOSE,spice,,,,,,19351,"Syrups, corn, high-fructose",,
SYRUPPANCAKE,spice,,,,,,19129,"yrups, table blends, pancake",,
SYRUPSORGHUM,spice,,,,,,19355,"Syrups, sorghum",,
TABASCO,spice,,,,,,6169,"Sauce, ready-to-serve, pepper, TABASCO",DESC_CONTAINS,1
TACO,prepared,,,,,,21487,"Fast foods, taco with chicken, lettuce and cheese, soft",,
TACO,prepared,,,,,,21486,"Fast foods, taco with beef, cheese and lettuce, soft",,
TACO,prepared,,,,,,21083,"Fast foods, taco salad",,
TACOGREENSAUCE,spice,,,,,,6600,"PACE, Green Taco Sauce",,
TACOREDSAUCE,spice,,,,,,6604,"PACE, Red Taco Sauce",,
TACOSHELL,prepared,,,,,,18360,"Taco shells, baked",KEYWORD_EXACT,15
TAHINI,nuts,spice,,,,,12166,"Seeds, sesame butter, tahini, from roasted and toasted kernels (most common type)",COMPOUND_MATCH,5
TALLOW,fats,,,,,,4001,"Fat, beef tallow",PREFERRED,1
TAMALESCHEESE,prepared,,,,,,36056,"Restaurant, Mexican, cheese tamales",KEYWORD_EXACT,2
TAMALESPORK,prepared,,,,,,35237,"Tamales, masa and pork filling (Hopi)",,
TAMARIND,fruit,,,,,,9322,"Tamarinds, raw",KEYWORD_EXACT,3
TANGERINE,fruit,,,,,,9218,"Tangerines, (mandarin oranges), raw",,
TANGERINEJUICE,beverage,,,,,,9221,"Tangerine juice, raw",KEYWORD_EXACT,6
TAPIOCA,vegetable,,,,,,20068,"Tapioca, pearl, dry",KEYWORD_EXACT,6
TARO,vegetable,,,,,,11519,"Taro, cooked, without salt",KEYWORD_EXACT,11
TARRAGON,spice,,,,,,2041,"Spices, tarragon, dried",DESC_CONTAINS,1
TART,prepared,,,,,,18459,"Breakfast tart, low fat",KEYWORD_EXACT,3
TBONE,protein,,,,,,13236,"Beef, short loin, t-bone steak, bone-in, separable lean only, trimmed to 1/8"" fat, choice, cooked, grilled",COMPOUND_MATCH,10
TEA,beverage,,,,,,14355,"Beverages, tea, black, brewed, prepared with tap water",PREFERRED,1
TEASEED,fats,,,,,,4516,"Oil, teaseed",DESC_CONTAINS,1
TEFF,grain,,,,,,20143,"Teff, cooked",KEYWORD_EXACT,2
TEMPEH,protein,legume,,Fermented soybeans,Rich in protein,,16174,"Tempeh, cooked",KEYWORD_EXACT,2
TEQUILA,beverage,,,,,,14037,"Alcoholic beverage, distilled, all (gin, rum, vodka, whiskey) 80 proof",,
TERIYAKI,spice,,,,,,6112,"Sauce, teriyaki, ready-to-serve",DESC_CONTAINS,4
THYME,spice,,,,,,2049,"Thyme, fresh",KEYWORD_EXACT,2
TILAPIA,protein,,,,,,15262,"Fish, tilapia, cooked, dry heat",DESC_CONTAINS,2
TILSIT,dairy,,,,,,1041,"Cheese, tilsit",,
TIPNUK,protein,,,,,,35064,"Fish, salmon, tipnuk, fermented (Alaska Native)",DESC_CONTAINS,1
TOAST,grain,prepared,,,,,18030,"Bread, french or vienna, toasted (includes sourdough)",,
TOASTMULTI,grain,prepared,,,,,18036,"Bread, multi-grain, toasted (includes whole-grain)",,
TOFU,protein,legume,,Made from soybeans,High in protein,,16126,"Tofu, firm, prepared with calcium sulfate and magnesium chloride (nigari)",PREFERRED,1
TOMATILLO,vegetable,,,,,,11954,"Tomatillos, raw",DESC_STARTS,1
TOMATO,vegetable,fruit,,Botanically a fruit,Commonly used as a vegetable,,11529,"Tomatoes, red, ripe, raw, year round average",PREFERRED,1
TOMATOSAUCE,spice,,,,,,43217,"Tomato sauce, canned, no salt added",,
TOMATOSEEDOIL,fats,,,,,,4515,"Oil, tomatoseed",DESC_CONTAINS,1
TOMATOSUNDRIED,spice,,,,,,11956,"Tomatoes, sun-dried, packed in oil, drained",,
TORTILLACHIP,prepared,,,,,,19433,"Tortilla chips, low fat, baked without fat",KEYWORD_EXACT,15
TORTILLACHIPNACHO,grain,,,,,,19057,"Snacks, tortilla chips, nacho cheese",,
TORTILLACHIPWHITE,grain,,,,,,19056,"Snacks, tortilla chips, plain, white corn, salted",,
TORTILLACHIPYELLOW,grain,,,,,,25028,"Tortilla chips, yellow, plain, salted",,
TORTILLACORN,grain,prepared,,,,,18363,"Tortillas, ready-to-bake or -fry, corn",,
TORTILLAFLOUR,grain,prepared,,,,,18364,"Tortillas, ready-to-bake or -fry, flour, refrigerated",,
TRAILMIX,prepared,,,,,,19059,"Snacks, trail mix, regular",COMPOUND_MATCH,7
TRICALE,grain,,,,,,20070,"Triticale flour, whole-grain",COMPOUND_MATCH,2
TROUT,protein,,,,,,15116,"Fish, trout, rainbow, wild, cooked, dry heat",DESC_CONTAINS,5
TRUFFLES,prepared,,,,,,19138,"Candies, truffles, prepared-from-recipe",,
TUNABLUEFIN,protein,,,,,,15118,"Fish, tuna, fresh, bluefin, cooked, dry heat",DESC_CONTAINS,2
TUNALIGHT,protein,,,,,,15121,"Fish, tuna, light, canned in water, drained solids",PREFERRED,1
TUNASALAD,protein,,,,,,15128,"Fish, tuna salad",,
TUNASKIPJACK,protein,,,,,,15220,"Fish, tuna, skipjack, fresh, cooked, dry heat",,
TUNAWHITE,protein,,,,,,15186,"Fish, tuna, white, canned in water, without salt, drained solids",,
TUNAYELLOWFIN,protein,,,,,,15221,"Fish, tuna, yellowfin, fresh, cooked, dry heat",,
TURBOT,protein,,,,,,15222,"Fish, turbot, european, cooked, dry heat",DESC_CONTAINS,2
TURKEY,protein,,,,,,5168,"Turkey, whole, meat only, cooked, roasted",KEYWORD_EXACT,17
TURKEYBREAST,protein,,,,,,7081,"Turkey breast, sliced, prepackaged",,
TURKEYDRUMSTICK,protein,,,,,,5739,"Turkey, drumstick, from whole bird, meat only, roasted",,
TURKEYLEG,protein,,,,,,5192,"Turkey, all classes, breast, meat and skin, cooked, roasted",,
TURKEYPOTPIE,prepared,,,,,,22528,"Turkey Pot Pie, frozen entree",,
TURKEYSANDWICH,prepared,,,,,,21207,"SUBWAY, turkey breast sub on white bread with lettuce and tomato",,
TURKEYSLICED,protein,,,,,,7081,"Turkey breast, sliced, prepackaged",,
TURKEYWING,protein,,,,,,5196,"Turkey, all classes, wing, meat and skin, cooked, roasted",,
TURMERIC,spice,,,,,,2043,"Spices, turmeric, ground",DESC_CONTAINS,1
TURNIP,vegetable,,,,,,11565,"Turnips, cooked, boiled, drained, without salt",,
TURNIPGREEN,vegetable,,,,,,11569,"Turnip greens, cooked, boiled, drained, without salt",KEYWORD_EXACT,10
TURNOVER,prepared,,,,,,32015,"Turnover, cheese-filled, tomato-based sauce, frozen, unprepared",KEYWORD_EXACT,4
TURTLEBEANS,legume,,,,,,16017,"Beans, black turtle, mature seeds, cooked, boiled, without salt",COMPOUND_MATCH,4
UCUHUBAOIL,fats,,,,,,4573,"Oil, ucuhuba butter",DESC_CONTAINS,1
VANILLA,spice,fruit,,From orchid seed pods,Used as flavoring,,2050,Vanilla extract,KEYWORD_EXACT,8
VEAL,protein,,,,,,17093,"Veal, composite of trimmed retail cuts, separable fat, cooked",KEYWORD_EXACT,13
VEALBREAST,protein,,,,,,17272,"Veal, breast, whole, boneless, separable lean and fat, cooked, braised",,
VEALLOIN,protein,,,,,,17437,"Veal, loin, chop, separable lean and fat, cooked, grilled",,
VEALRIB,protein,,,,,,17111,"Veal, rib, separable lean and fat, cooked, braised",,
VEALSHANK,protein,,,,,,17277,"Veal, shank (fore and hind), separable lean and fat, cooked, braised",,
VEALSIRLOIN,protein,,,,,,17135,"Veal, sirloin, separable lean and fat, cooked, braised",,
VEGETABLEJUICE,beverage,,,,,,11578,"Vegetable juice cocktail, canned",,
VEGETABLEMIXED,vegetable,,,,,,11584,"Vegetables, mixed, frozen, cooked, boiled, drained, without salt",KEYWORD_EXACT,15
VEGETABLEOIL,fats,,,,,,4513,"Vegetable oil, palm kernel",,
VENISON,protein,,,,,,17164,"Game meat, deer, raw",PREFERRED,1
VINEGARBALSAMIC,spice,,,,,,2069,"Vinegar, balsamic",,
VINEGARCIDER,spice,,,,,,2048,"Vinegar, cider",PREFERRED,1
VINEGARDISTILLED,spice,,,,,,2053,"Vinegar, distilled",,
VINEGARREDWINE,spice,,,,,,2068,"Vinegar, red wine",,
VODKA,beverage,,,,,,14051,"Alcoholic beverage, distilled, vodka, 80 proof",,
WAFER,grain,prepared,,,,,18226,"Crackers, rye, wafers, plain",,
WAFFLE,prepared,,,,,,18367,"Waffles, plain, prepared from recipe",DESC_STARTS,15
WAFFLEBUTTERMILK,prepared,,,,,,18932,"Waffles, buttermilk, frozen, ready-to-heat",,
WALLEYE,protein,,,,,,15204,"Fish, pike, walleye, cooked, dry heat",DESC_CONTAINS,2
WALNUT,nuts,fats,,,,,12157,"Nuts, walnuts, dry roasted, with salt added",DESC_CONTAINS,5
WALNUTOIL,fats,,,,,,4528,"Oil, walnut",,
WALRUS,protein,fats,,,,,35081,"Walrus, meat, raw (Alaska Native)",KEYWORD_EXACT,5
WASABI,spice,,,,,,11990,"Wasabi, root, raw",KEYWORD_EXACT,3
WATER,beverage,,,,,,14411,"Water, tap, drinking",PREFERRED,1
WATERCHESTNUT,vegetable,,,,,,11590,"Waterchestnuts, chinese, canned, solids and liquids",,
WATERCRESS,vegetable,,,,,,11591,"Watercress, raw",KEYWORD_EXACT,1
WATERMELON,fruit,,,,,,9326,"Watermelon, raw",KEYWORD_EXACT,2
WAXGOURD,fruit,,,,,,11594,"Waxgourd, (chinese preserving melon), cooked, boiled, drained, without salt",KEYWORD_EXACT,3
WHALE,protein,fats,,,,,35011,"Whale, beluga, meat, raw (Alaska Native)",KEYWORD_EXACT,9
WHEAT,grain,,,,,,20581,"Wheat flour, white, all-purpose, enriched, unbleached",KEYWORD_EXACT,15
WHEATGERM,grain,fats,,,,,4038,"Oil, wheat germ",COMPOUND_MATCH,6
WHEATGLUTEN,spice,,,,,,48052,Vital wheat gluten,,
WHELK,protein,,,,,,15178,"Mollusks, whelk, unspecified, cooked, moist heat",DESC_CONTAINS,2
WHEY,dairy,,,,,,1112,"Whey, acid, fluid",KEYWORD_EXACT,8
WHIPPING,dairy,,,,,,1053,"Cream, fluid, heavy whipping",PREFERRED,1
WHISKEY,beverage,,,,,,14550,"Alcoholic beverage, distilled, all (gin, rum, vodka, whiskey) 86 proof",KEYWORD_EXACT,6
WHITEBEAN,legume,,,,,,16050,"Beans, white, mature seeds, cooked, boiled, without salt",COMPOUND_MATCH,4
WHITEFISH,protein,,,,,,15223,"Fish, whitefish, mixed species, cooked, dry heat",DESC_CONTAINS,5
WHITING,protein,,,,,,15133,"Fish, whiting, mixed species, cooked, dry heat",DESC_CONTAINS,2
WHOLEWHEAT,prepared,,,,,,8145,"Wheat flour, whole-grain",COMPOUND_MATCH,10
WINE,beverage,,,,,,14106,"Alcoholic beverage, wine, table, white",PREFERRED,1
WINGEDBEAN,legume,,,,,,16136,"Winged beans, mature seeds, cooked, boiled, without salt",COMPOUND_MATCH,5
WOLFFISH,protein,,,,,,15224,"Fish, wolffish, Atlantic, cooked, dry heat",DESC_CONTAINS,2
WONTON,prepared,,,,,,18368,Wonton wrappers (includes egg roll wrappers),KEYWORD_EXACT,2
YAM,vegetable,,,,,,11602,"Yam, cooked, boiled, drained, or baked, without salt",KEYWORD_EXACT,9
YAMBEAN,vegetable,,,,,,11604,"Yambean (jicama), cooked, boiled, drained, without salt",KEYWORD_EXACT,3
YARDLONG,vegetable,,,,,,11200,"Yardlong bean, cooked, boiled, drained, without salt",KEYWORD_EXACT,6
YEAST,spice,,,,,,18375,"Leavening agents, yeast, baker's, active dry",,
YELLOWTAIL,protein,,,,,,15225,"Fish, yellowtail, mixed species, cooked, dry heat",DESC_CONTAINS,2
YOGURT,dairy,,,,,,1116,"Yogurt, plain, whole milk, 8 grams protein per 8 ounce",PREFERRED,1
YOLK,protein,,,,,,1125,"Egg, yolk, raw, fresh",,
ZUCCHINI,vegetable,fruit,,Botanically a fruit,Used as a vegetable,,11478,"Squash, summer, zucchini, includes skin, cooked, boiled, drained, without salt",DESC_CONTAINS,5
ZWIEBACK,grain,prepared,,,,,3217,Zwieback,KEYWORD_EXACT,1
SUCRALOSE,spice,,,,,,19868,"Sweeteners, tabletop, sucralose, SPLENDA packets",,
FRUCTOSEPWDR,spice,,,,,,43216,"Sweeteners, tabletop, fructose, dry, powder",,
FRUCTOSELIQ,spice,,,,,,44018,"Sweeteners, tabletop, fructose, liquid",,
MUFFINCORN,prepared,,,,,,18282,"Muffins, corn, prepared from recipe, made with low fat (2%) milk",,
MUFFUNBLUEBERRY,prepared,,,,,,18278,"Muffins, blueberry, prepared from recipe, made with low fat (2%) milk",,
SALMONREDCAN,protein,,,,,,15181,"Fish, salmon, pink, canned, without salt, solids with bone and liquid",,
SALMONPINKCAN,protein,,,,,,35157,"Fish, salmon, red, canned, bones removed (Alaska Native)",,
MACKERELCAN,protein,,,,,,15048,"Fish, mackerel, jack, canned, drained solids",,
CAVIAR,protein,,,,,,15012,"Fish, caviar, black and red, granular",,
TILEFISH,protein,,,,,,15113,"Fish, tilefish, cooked, dry heat",,
FRIEDRICE,grain,prepared,,,,,36602,"Restaurant, Chinese, fried rice, without meat",,
CHOCMALT,beverage,,,,,,14318,"Beverages, Malted drink mix, chocolate, powder, prepared with whole milk",,
WINERED,beverage,,,,,,14096,"Alcoholic beverage, wine, table, red",,
WINEDESSERTSWEET,beverage,,,,,,14057,"Alcoholic beverage, wine, dessert, sweet",,
WINEDESSERTDRY,beverage,,,,,,14536,"Alcoholic beverage, wine, dessert, dry",,
BEERLIGHT,beverage,,,,,,14013,"Alcoholic beverage, beer, light, low carb",,
BEERHIGH,beverage,,,,,,14251,"Beverages, Beer, higher alcohol",,
SODAROOTBEER,beverage,,,,,,14157,"Beverages, Carbonated beverage, root beer",,
SODACREAM,beverage,,,,,,14130,"Carbonated beverage, cream soda",,
SODACLUB,beverage,,,,,,14121,"Beverages, Carbonated beverage, club soda",,
SODACOLA,beverage,,,,,,14148,"Beverages, carbonated, cola, regular",,
SODACOLALOW,beverage,,,,,,14416,"Beverages, Carbonated beverage, low calorie, cola or pepper-type, with aspartame, contains caffeine",,
SODANONCOLALOW,beverage,,,,,,14537,"Carbonated beverage, low calorie, other than cola or pepper, with sodium saccharin, without caffeine",,
PINACOLADA,beverage,,,,,,14017,"Alcoholic beverage, pina colada, prepared-from-recipe",,
ICECREAMVANILLALIGHT,dairy,prepared,,,,,19088,"Ice creams, vanilla, light",,
ICECREAMCHOCLIGHT,dairy,prepared,,,,,19114,"Ice creams, chocolate, light",,
ICECREAMSAND,dairy,prepared,,,,,1238,Ice cream sandwich,,
ICECREAMBARCHOC,dairy,prepared,,,,,1237,"Ice cream, bar or stick, chocolate covered",,
ICECREAMCREAM,dairy,prepared,,,,,1302,"Light ice cream, Creamsicle",,
ICECREAMCONECHOC,dairy,prepared,,,,,1240,"Ice cream cone, chocolate covered, with nuts, flavors other than chocolate",,
ICECREAMCONEWAFER,prepared,,,,,,18271,"Ice cream cones, cake or wafer-type",,
ICECREAMSOFTVAN,dairy,prepared,,,,,21028,"Fast foods, vanilla, light, soft-serve ice cream, with cone",,
ICECREAMSUBDAEFUD,dairy,prepared,,,,,21033,"Fast foods, sundae, hot fudge",,
ICECREAMSUNDAESTRW,dairy,prepared,,,,,21034,"Fast foods, sundae, strawberry",,
ICECREAMSUNDAECARM,dairy,prepared,,,,,21032,"Fast foods, sundae, caramel",,
TEAGREEN,beverage,,,,,,14278,"Beverages, tea, green, brewed, regular",,
TEAHIBISCUS,beverage,,,,,,14649,"Beverages, tea, hibiscus, brewed",,
TEACHAM,beverage,,,,,,14545,"Beverages, tea, herb, brewed, chamomile",,
TEAINSTANTDECAF,beverage,,,,,,14353,"Beverages, tea, instant, decaffeinated, unsweetened",,
TEAINSTANT,beverage,,,,,,14367,"Beverages, tea, instant, unsweetened, prepared with water",,
SOUPSPLITPEA,legume,prepared,,,,,6192,"Split pea soup, canned, reduced sodium, prepared with water or ready-to serve",,
SOUPSPLITPEAHAM,legume,prepared,,,,,6050,"Soup, pea, split with ham, canned, chunky, ready-to-serve",,
TOASTWHITE,grain,prepared,,,,,18070,"Bread, white, commercially prepared, toasted",,
TOASTWHOLE,grain,prepared,,,,,18076,"Bread, whole-wheat, commercially prepared, toasted",,
TOASTRAISIN,grain,prepared,,,,,18048,"Bread, raisin, enriched, toasted",,
PORKHAMSLICED,protein,,,,,,7029,"Ham, sliced, regular (approximately 11% fat)",,
CHICKENBREASTSLICED,protein,,,,,,7933,"Chicken breast, oven-roasted, fat-free, sliced",,
LUNCHEONMEATLESS,prepared,,,,,,43131,"Luncheon slices, meatless",,
SANDWICHFISH,prepared,,,,,,21105,"Fast foods, fish sandwich, with tartar sauce",,
SANDWICHCHICKEN,prepared,,,,,,21102,"Fast foods, chicken fillet sandwich, plain with pickles",,
SANDWICHBEEF,prepared,,,,,,21121,"Fast foods, roast beef sandwich, plain",,
SANDWICHCHICKENCRISP,prepared,,,,,,21230,"Fast Foods, crispy chicken filet sandwich, with lettuce and mayonnaise",,
SANDSUBBEEF,prepared,,,,,,21125,"Fast foods, submarine sandwich, roast beef on white bread with lettuce and tomato",,
SANDSUBBLT,prepared,,,,,,21162,"Fast foods, submarine sandwich, bacon, lettuce, and tomato on white bread",,
SANDSUBMEATBALL,prepared,,,,,,21158,"Fast foods, submarine sandwich, meatball marinara on white bread",,
SANDSUBTURKEY,prepared,,,,,,21155,"Fast foods, submarine sandwich, turkey breast on white bread with lettuce and tomato",,
SANDSUBHAM,prepared,,,,,,21156,"Fast foods, submarine sandwich, ham on white bread with lettuce and tomato",,