foundation_ndb,legacy_ndb,foundation_food,existing_food
01001,1001,"Butter, stick, salted","Butter, salted"
01009,1009,"Cheese, cheddar","Cheese, cheddar"
01012,1012,"Cottage cheese, full fat, large or small curd","Cheese, cottage, creamed, large or small curd"
01015,1015,"Cheese, cottage, lowfat, 2% milkfat","Cheese, cottage, lowfat, 2% milkfat"
01017,1017,"Cream cheese, full fat, block","Cheese, cream"
01019,1019,"Cheese, feta, whole milk, crumbled","Cheese, feta"
01029,1029,"Cheese, mozzarella, low moisture, part-skim","Cheese, mozzarella, low moisture, part-skim"
01032,1032,"Cheese, parmesan, grated","Cheese, parmesan, grated"
01036,1036,"Cheese, ricotta, whole milk","Cheese, ricotta, whole milk"
01040,1040,"Cheese, swiss","Cheese, swiss"
01042,1042,"Cheese, pasteurized process, American, vitamin D fortified","Cheese, pasteurized process, American, fortified with vitamin D"
01053,1053,"Cream, heavy","Cream, fluid, heavy whipping"
01056,1056,"Cream, sour, full fat","Cream, sour, cultured"
01077,1077,"Milk, whole, 3.25% milkfat, with added vitamin D","Milk, whole, 3.25% milkfat, with added vitamin D"
01079,1079,"Milk, reduced fat, fluid, 2% milkfat, with added vitamin A and vitamin D","Milk, reduced fat, fluid, 2% milkfat, with added vitamin A and vitamin D"
01082,1082,"Milk, lowfat, fluid, 1% milkfat, with added vitamin A and vitamin D","Milk, lowfat, fluid, 1% milkfat, with added vitamin A and vitamin D"
01085,1085,"Milk, nonfat, fluid, with added vitamin A and vitamin D (fat free or skim)","Milk, nonfat, fluid, with added vitamin A and vitamin D (fat free or skim)"
01088,1088,"Buttermilk, low fat","Milk, buttermilk, fluid, cultured, lowfat"
01116,1116,"Yogurt, plain, whole milk","Yogurt, plain, whole milk, 8 grams protein per 8 ounce"
01123,1123,"Eggs, Grade A, Large, egg whole","Egg, whole, raw, fresh"
01124,1124,"Eggs, Grade A, Large, egg white","Egg, white, raw, fresh"
01125,1125,"Eggs, Grade A, Large, egg yolk","Egg, yolk, raw, fresh"
01126,1126,"Egg, yolk, raw, frozen, pasteurized","Egg, yolk, raw, frozen, pasteurized"
01133,1133,"Egg, whole, dried","Egg, whole, dried"
01137,1137,"Egg, yolk, dried","Egg, yolk, dried"
01145,1145,"Butter, stick, unsalted","Butter, without salt"
01171,1171,"Egg, whole, raw, frozen, pasteurized","Egg, whole, raw, frozen, pasteurized"
01172,1172,"Egg, white, raw, frozen, pasteurized","Egg, white, raw, frozen, pasteurized"
01173,1173,"Egg, white, dried","Egg, white, dried"
01227,1227,"Cheese, dry white, queso seco","Cheese, dry white, queso seco"
01256,1256,"Yogurt, Greek, plain, nonfat","Yogurt, Greek, plain, nonfat"
01285,1285,"Yogurt, Greek, strawberry, nonfat","Yogurt, Greek, strawberry, nonfat"
01293,1293,"Yogurt, Greek, plain, whole milk","Yogurt, Greek, plain, whole milk"
02046,2046,"Mustard, prepared, yellow","Mustard, prepared, yellow"
02047,2047,"Salt, table, iodized","Salt, table"
04042,4042,"Oil, peanut","Oil, peanut, salad or cooking"
04044,4044,"Oil, soybean","Oil, soybean, salad or cooking"
04047,4047,"Oil, coconut","Oil, coconut"
04511,4511,"Oil, safflower","Oil, safflower, salad or cooking, high oleic (primary safflower oil of commerce)"
04518,4518,"Oil, corn","Oil, corn, industrial and retail, all purpose salad or cooking"
04582,4582,"Oil, canola","Oil, canola"
05332,5332,"Chicken, ground, with additives, raw","Chicken, ground, raw"
05665,5665,"Turkey, ground, 93% lean/ 7% fat, raw","Ground turkey, 93% lean, 7% fat, raw"
05666,5666,"Turkey, ground, 93% lean, 7% fat, pan-broiled crumbles","Ground turkey, 93% lean, 7% fat, pan-broiled crumbles"
05671,5671,"Chicken, broilers or fryers, drumstick, meat only, cooked, braised","Chicken, broilers or fryers, dark meat, drumstick, meat only, cooked, braised"
05746,5746,"Chicken, broiler or fryers, breast, skinless, boneless, meat only, cooked, braised","Chicken, broiler or fryers, breast, skinless, boneless, meat only, cooked, braised"
06164,6164,"Sauce, salsa, ready-to-serve","Sauce, salsa, ready-to-serve"
06931,6931,"Sauce, pasta, spaghetti/marinara, ready-to-serve","Sauce, pasta, spaghetti/marinara, ready-to-serve"
07022,7022,"Frankfurter, beef, unheated","Frankfurter, beef, unheated"
07028,7028,"Ham, sliced, pre-packaged, deli meat (96%fat free, water added)","Ham, sliced, pre-packaged, deli meat (96%fat free, water added)"
07089,7089,"Sausage, Italian, pork, mild, cooked, pan-fried","Sausage, Italian, pork, cooked"
07919,7919,"Sausage, turkey, breakfast links, mild, raw","Sausage, turkey, breakfast links, mild"
07954,7954,"Sausage, breakfast sausage, beef, pre-cooked, unprepared","Beef sausage, pre-cooked"
09021,9021,"Apricot, with skin, raw","Apricots, raw"
09040,9040,"Bananas, ripe and slightly ripe, raw","Bananas, raw"
09042,9042,"Blackberries, raw","Blackberries, raw"
09050,9050,"Blueberries, raw","Blueberries, raw"
09070,9070,"Cherries, sweet, dark red, raw","Cherries, sweet, raw"
09094,9094,"Figs, dried, uncooked","Figs, dried, uncooked"
09123,9123,"Grapefruit juice, white, canned or bottled, unsweetened","Grapefruit juice, white, canned or bottled, unsweetened"
09130,9130,"Grape juice, purple, with added vitamin C, from concentrate, shelf stable","Grape juice, canned or bottled, unsweetened, with added ascorbic acid"
09148,9148,"Kiwifruit, green, raw","Kiwifruit, green, raw"
09181,9181,"Melons, cantaloupe, raw","Melons, cantaloupe, raw"
09184,9184,"Melons, honeydew, raw","Melons, honeydew, raw"
09191,9191,"Nectarines, raw","Nectarines, raw"
09202,9202,"Oranges, raw, navels","Oranges, raw, navels"
09206,9206,"Orange juice, no pulp, not fortified, not from concentrate, refrigerated","Orange juice, raw"
09209,9209,"Orange juice, no pulp, not fortified, from concentrate, refrigerated","Orange juice, chilled, includes from concentrate"
09236,9236,"Peaches, yellow, raw","Peaches, yellow, raw"
09266,9266,"Pineapple, raw","Pineapple, raw, all varieties"
09277,9277,"Plantains, ripe, raw","Plantains, raw"
09302,9302,"Raspberries, raw","Raspberries, raw"
09316,9316,"Strawberries, raw","Strawberries, raw"
09400,9400,"Apple juice, with added vitamin C, from concentrate, shelf stable","Apple juice, canned or bottled, unsweetened, with added ascorbic acid"
09401,9401,"Applesauce, unsweetened, with added vitamin C","Applesauce, canned, unsweetened, with added ascorbic acid"
09412,9412,"Pears, raw, bartlett","Pears, raw, bartlett"
09415,9415,"Pear, Anjou, green, with skin, raw","Pears, raw, green anjou"
09500,9500,"Apples, red delicious, with skin, raw","Apples, raw, red delicious, with skin"
09501,9501,"Apples, honeycrisp, with skin, raw","Apples, raw, golden delicious, with skin"
09502,9502,"Apples, granny smith, with skin, raw","Apples, raw, granny smith, with skin"
09503,9503,"Apples, gala, with skin, raw","Apples, raw, gala, with skin"
09504,9504,"Apples, fuji, with skin, raw","Apples, raw, fuji, with skin"
010219,10219,"Pork, ground, raw","Pork, fresh, ground, raw"
011052,11052,"Beans, snap, green, raw","Beans, snap, green, raw"
011056,11056,"Beans, snap, green, canned, regular pack, drained solids","Beans, snap, green, canned, regular pack, drained solids"
011080,11080,"Beets, raw","Beets, raw"
011086,11086,"Beet greens, raw","Beet greens, raw"
011090,11090,"Broccoli, raw","Broccoli, raw"
011098,11098,"Brussels sprouts, raw","Brussels sprouts, raw"
011109,11109,"Cabbage, green, raw","Cabbage, raw"
011112,11112,"Cabbage, red, raw","Cabbage, red, raw"
011116,11116,"Cabbage, bok choy, raw","Cabbage, chinese (pak-choi), raw"
011124,11124,"Carrots, mature, raw","Carrots, raw"
011130,11130,"Carrots, frozen, unprepared","Carrots, frozen, unprepared"
011135,11135,"Cauliflower, raw","Cauliflower, raw"
011143,11143,"Celery, raw","Celery, raw"
011161,11161,"Collards, raw","Collards, raw"
011205,11205,"Cucumber, with peel, raw","Cucumber, with peel, raw"
011209,11209,"Eggplant, raw","Eggplant, raw"
011215,11215,"Garlic, raw","Garlic, raw"
011233,11233,"Kale, raw","Kale, raw"
011236,11236,"Kale, frozen, cooked, boiled, drained, without salt","Kale, frozen, cooked, boiled, drained, without salt"
011238,11238,"Mushrooms, shiitake","Mushrooms, shiitake, raw"
011243,11243,"Mushroom, portabella","Mushrooms, portabella, grilled"
011251,11251,"Lettuce, cos or romaine, raw","Lettuce, cos or romaine, raw"
011252,11252,"Lettuce, iceberg, raw","Lettuce, iceberg (includes crisphead types), raw"
011253,11253,"Lettuce, leaf, green, raw","Lettuce, green leaf, raw"
011257,11257,"Lettuce, leaf, red, raw","Lettuce, red leaf, raw"
011260,11260,"Mushrooms, white button","Mushrooms, white, raw"
011266,11266,"Mushroom, crimini","Mushrooms, brown, italian, or crimini, raw"
011296,11296,"Onion rings, breaded, par fried, frozen, prepared, heated in oven","Onion rings, breaded, par fried, frozen, prepared, heated in oven"
011298,11298,"Parsnips, raw","Parsnips, raw"
011333,11333,"Peppers, bell, green, raw","Peppers, sweet, green, raw"
011413,11413,"Flour, potato","Potato flour"
011457,11457,"Spinach, mature","Spinach, raw"
011482,11482,"Squash, winter, acorn, raw","Squash, winter, acorn, raw"
011485,11485,"Squash, winter, butternut, raw","Squash, winter, butternut, raw"
011540,11540,"Tomato juice, with added ingredients, from concentrate, shelf stable","Tomato juice, canned, with salt added"
011546,11546,"Tomato, paste, canned, without salt added","Tomato products, canned, paste, without salt added"
011564,11564,"Turnips, raw","Turnips, raw"
011693,11693,"Tomatoes, crushed, canned","Tomatoes, crushed, canned"
011821,11821,"Peppers, bell, red, raw","Peppers, sweet, red, raw"
011937,11937,"Pickles, cucumber, dill or kosher dill","Pickles, cucumber, dill or kosher dill"
011950,11950,"Mushroom, enoki","Mushrooms, enoki, raw"
011951,11951,"Peppers, bell, yellow, raw","Peppers, sweet, yellow, raw"
011952,11952,"Radicchio, raw","Radicchio, raw"
011957,11957,"Fennel, bulb, raw","Fennel, bulb, raw"
011960,11960,"Carrots, baby, raw","Carrots, baby, raw"
011987,11987,"Mushroom, oyster","Mushrooms, oyster, raw"
011993,11993,"Mushroom, maitake","Mushrooms, maitake, raw"
012006,12006,"Chia seeds, dry, raw","Seeds, chia seeds, dried"
012014,12014,"Seeds, pumpkin seeds (pepitas), raw","Seeds, pumpkin and squash seed kernels, dried"
012036,12036,"Seeds, sunflower seed, kernel, raw","Seeds, sunflower seed kernels, dried"
012061,12061,"Nuts, almonds, whole, raw","Nuts, almonds"
012087,12087,"Nuts, cashew nuts, raw","Nuts, cashew nuts, raw"
012120,12120,"Nuts, hazelnuts or filberts, raw","Nuts, hazelnuts or filberts"
012131,12131,"Nuts, macadamia nuts, raw","Nuts, macadamia nuts, raw"
012142,12142,"Nuts, pecans, halves, raw","Nuts, pecans"
012147,12147,"Nuts, pine nuts, raw","Nuts, pine nuts, dried"
012151,12151,"Nuts, pistachio nuts, raw","Nuts, pistachio nuts, raw"
012155,12155,"Nuts, walnuts, English, halves, raw","Nuts, walnuts, english"
012195,12195,"Almond butter, creamy","Nuts, almond butter, plain, without salt added"
012220,12220,"Flaxseed, ground","Seeds, flaxseed"
012537,12537,"Seeds, sunflower seed kernels, dry roasted, with salt added","Seeds, sunflower seed kernels, dry roasted, with salt added"
012563,12563,"Nuts, almonds, dry roasted, with salt added","Nuts, almonds, dry roasted, with salt added"
013236,13236,"Beef, short loin, t-bone steak, bone-in, separable lean only, trimmed to 1/8"" fat, choice, cooked, grilled","Beef, short loin, t-bone steak, bone-in, separable lean only, trimmed to 1/8"" fat, choice, cooked, grilled"
013468,13468,"Beef, short loin, porterhouse steak, separable lean only, trimmed to 1/8"" fat, select, raw","Beef, short loin, porterhouse steak, separable lean only, trimmed to 1/8"" fat, select, raw"
014091,14091,"Almond milk, unsweetened, plain, shelf stable","Beverages, almond milk, unsweetened, shelf stable"
015033,15033,"Fish, haddock, raw","Fish, haddock, raw"
015066,15066,"Fish, pollock, raw","Fish, pollock, Alaska, raw (may have been previously frozen)"
015121,15121,"Fish, tuna, light, canned in water, drained solids","Fish, tuna, light, canned in water, drained solids"
015234,15234,"Fish, catfish, farm raised, raw","Fish, catfish, channel, farmed, raw"
015236,15236,"Fish, salmon, Atlantic, farm raised, raw","Fish, salmon, Atlantic, farmed, raw"
016087,16087,"Peanuts, raw","Peanuts, all types, raw"
016098,16098,"Peanut butter, creamy","Peanut butter, smooth style, with salt"
016115,16115,"Flour, soy, full-fat","Soy flour, full-fat, raw"
016117,16117,"Flour, soy, defatted","Soy flour, defatted"
016158,16158,"Hummus, commercial","Hummus, commercial"
016222,16222,"Soy milk, unsweetened, plain, shelf stable","Soymilk (all flavors), unsweetened, with added calcium, vitamins A and D"
016500,16500,"Beans, Dry, Medium Red (0% moisture)","LOMA LINDA Little Links, canned, unprepared"
016502,16502,"Beans, Dry, Flor de Mayo (0% moisture)","LOMA LINDA Low Fat Big Franks, canned, unprepared"
016504,16504,"Beans, Dry, Tan (0% moisture)","LOMA LINDA Tender Rounds with Gravy, canned, unprepared"
016505,16505,"Beans, Dry, Light Tan (0% moisture)","LOMA LINDA Swiss Stake with Gravy, canned, unprepared"
016506,16506,"Beans, Dry, Carioca (0% moisture)","LOMA LINDA Vege-Burger, canned, unprepared"
016507,16507,"Beans, Dry, Cranberry (0% moisture)","LOMA LINDA Redi-Burger, canned, unprepared"
016508,16508,"Beans, Dry, Light Red Kidney (0% moisture)","LOMA LINDA Tender Bits, canned, unprepared"
016509,16509,"Beans, Dry, Pink (0% moisture)","LOMA LINDA Linketts, canned, unprepared"
016510,16510,"Beans, Dry, Dark Red Kidney (0% moisture)","WORTHINGTON Chili, canned, unprepared"
016511,16511,"Beans, Dry, Navy (0% moisture)","WORTHINGTON Choplets, canned, unprepared"
016512,16512,"Beans, Dry, Small White (0% moisture)","WORTHINGTON Diced Chik, canned, unprepared"
016513,16513,"Beans, Dry, Small Red (0% moisture)","WORTHINGTON FriChik Original, canned, unprepared"
016514,16514,"Beans, Dry, Black (0% moisture)","WORTHINGTON Low Fat Fri Chik, canned, unprepared"
016515,16515,"Beans, Dry, Pinto (0% moisture)","WORTHINGTON Low Fat Veja-Links, canned, unprepared"
016516,16516,"Beans, Dry, Great Northern (0% moisture)","WORTHINGTON Multigrain Cutlets, canned, unprepared"
017224,17224,"Lamb, ground, raw","Lamb, ground, raw"
019335,19335,"Sugars, granulated","Sugars, granulated"
020008,20008,"Buckwheat, whole grain",Buckwheat
020011,20011,"Flour, buckwheat","Buckwheat flour, whole-groat"
020012,20012,"Bulgur, dry, raw","Bulgur, dry"
020031,20031,"Millet, whole grain","Millet, raw"
020036,20036,"Rice, brown, long grain, unenriched, raw","Rice, brown, long-grain, raw"
020038,20038,"Oats, whole grain, rolled, old fashioned",Oats
020061,20061,"Flour, rice, white, unenriched","Rice flour, white, unenriched"
020080,20080,"Flour, whole wheat, unenriched","Wheat flour, whole-grain"
020081,20081,"Flour, wheat, all-purpose, enriched, bleached","Wheat flour, white, all-purpose, enriched, bleached"
020083,20083,"Flour, bread, white, enriched, unbleached","Wheat flour, white, bread, enriched"
020088,20088,"Wild rice, dry, raw","Wild rice, raw"
020090,20090,"Flour, rice, brown","Rice flour, brown"
020130,20130,"Flour, barley","Barley flour or meal"
020140,20140,"Flour, spelt, whole grain","Spelt, uncooked"
020444,20444,"Rice, white, long grain, unenriched, raw","Rice, white, long-grain, regular, raw, unenriched"
020481,20481,"Flour, wheat, all-purpose, unenriched, unbleached","Wheat flour, white, all-purpose, unenriched"
020581,20581,"Flour, wheat, all-purpose, enriched, unbleached","Wheat flour, white, all-purpose, enriched, unbleached"
023359,23359,"Beef, round, top round roast, boneless, separable lean only, trimmed to 0"" fat, select, raw","Beef, round, top round roast, boneless, separable lean only, trimmed to 0"" fat, select, raw"
023362,23362,"Beef, round, eye of round roast, boneless, separable lean only, trimmed to 0"" fat, select, raw","Beef, round, eye of round roast, boneless, separable lean only, trimmed to 0"" fat, select, raw"
023377,23377,"Beef, loin, tenderloin roast, separable lean only, boneless, trimmed to 0"" fat, select, cooked, roasted","Beef, loin, tenderloin roast, separable lean only, boneless, trimmed to 0"" fat, select, cooked, roasted"
023385,23385,"Beef, loin, top loin steak, boneless, lip-on, separable lean only, trimmed to 1/8"" fat, choice, raw","Beef, loin, top loin steak, boneless, lip-on, separable lean only, trimmed to 1/8"" fat, choice, raw"
023562,23562,"Beef, ground, 90% lean meat / 10% fat, raw","Beef, ground, 90% lean meat / 10% fat, raw"
023572,23572,"Beef, ground, 80% lean meat / 20% fat, raw","Beef, ground, 80% lean meat / 20% fat, raw"
036408,36408,"Restaurant, Latino, pupusas con frijoles (pupusas, bean)","Restaurant, Latino, pupusas con frijoles (pupusas, bean)"
036412,36412,"Restaurant, Latino, tamale, pork","Restaurant, Latino, tamale, pork"
036602,36602,"Restaurant, Chinese, fried rice, without meat","Restaurant, Chinese, fried rice, without meat"
036622,36622,"Restaurant, Chinese, sweet and sour pork","Restaurant, Chinese, sweet and sour pork"
043382,43382,"Cranberry juice, not fortified, from concentrate, shelf stable","Cranberry juice, unsweetened"
